"T","U:0","U:1","U:2","alphat","p","p_rgh","vtkValidPointMask","arc_length","Points:0","Points:1","Points:2"
1,1,0,0,0,1.1807,1.1807,1,0,0,0.25,0.1
1,1.0001,0,0,0,1.1807,1.1807,1,0.002,0.002,0.25,0.1
1,1.0002,0,0,0,1.1807,1.1807,1,0.004,0.004,0.25,0.1
1,1.0003,0,0,0,1.1807,1.1807,1,0.006,0.006,0.25,0.1
1,1.0004,0,0,0,1.1807,1.1807,1,0.008,0.008,0.25,0.1
1,1.0005,0,0,0,1.1808,1.1808,1,0.01,0.01,0.25,0.1
1,1.0008,0,0,0,1.1807,1.1807,1,0.012,0.012,0.25,0.1
1,1.001,0,0,0,1.1806,1.1806,1,0.014,0.014,0.25,0.1
1,1.0013,0,0,0,1.1806,1.1806,1,0.016,0.016,0.25,0.1
1,1.0015,0,0,0,1.1805,1.1805,1,0.018,0.018,0.25,0.1
1,1.0018,0,0,0,1.1804,1.1804,1,0.02,0.02,0.25,0.1
1,1.0023,0,0,0,1.1802,1.1802,1,0.022,0.022,0.25,0.1
1,1.0027,0,0,0,1.1799,1.1799,1,0.024,0.024,0.25,0.1
1,1.0031,0,0,0,1.1797,1.1797,1,0.026,0.026,0.25,0.1
1,1.0036,0,0,0,1.1794,1.1794,1,0.028,0.028,0.25,0.1
1,1.004,0,0,0,1.1792,1.1792,1,0.03,0.03,0.25,0.1
1,1.0047,0,0,0,1.1787,1.1787,1,0.032,0.032,0.25,0.1
1,1.0053,0,0,0,1.1783,1.1783,1,0.034,0.034,0.25,0.1
1,1.0059,0,0,0,1.1778,1.1778,1,0.036,0.036,0.25,0.1
1,1.0066,0,0,0,1.1774,1.1774,1,0.038,0.038,0.25,0.1
1,1.0072,0,0,0,1.177,1.177,1,0.04,0.04,0.25,0.1
1,1.008,0,0,0,1.1763,1.1763,1,0.042,0.042,0.25,0.1
1,1.0088,0,0,0,1.1757,1.1757,1,0.044,0.044,0.25,0.1
1,1.0096,0,0,0,1.1751,1.1751,1,0.046,0.046,0.25,0.1
0.99999,1.0104,0,0,0,1.1745,1.1745,1,0.048,0.048,0.25,0.1
0.99999,1.0112,0,0,0,1.1739,1.1739,1,0.05,0.05,0.25,0.1
0.99999,1.0121,0,0,0,1.1731,1.1731,1,0.052,0.052,0.25,0.1
0.99999,1.0131,0,0,0,1.1723,1.1723,1,0.054,0.054,0.25,0.1
0.99999,1.0141,0,0,0,1.1716,1.1716,1,0.056,0.056,0.25,0.1
0.99999,1.015,0,0,0,1.1708,1.1708,1,0.058,0.058,0.25,0.1
0.99999,1.016,0,0,0,1.17,1.17,1,0.06,0.06,0.25,0.1
0.99999,1.0171,0,0,0,1.1691,1.1691,1,0.062,0.062,0.25,0.1
0.99999,1.0182,0,0,0,1.1681,1.1681,1,0.064,0.064,0.25,0.1
0.99998,1.0193,0,0,0,1.1672,1.1672,1,0.066,0.066,0.25,0.1
0.99998,1.0205,0,0,0,1.1663,1.1663,1,0.068,0.068,0.25,0.1
0.99998,1.0216,0,0,0,1.1653,1.1653,1,0.07,0.07,0.25,0.1
0.99998,1.0228,0,0,0,1.1643,1.1643,1,0.072,0.072,0.25,0.1
0.99998,1.0241,0,0,0,1.1632,1.1632,1,0.074,0.074,0.25,0.1
0.99997,1.0254,0,0,0,1.1621,1.1621,1,0.076,0.076,0.25,0.1
0.99997,1.0266,0,0,0,1.161,1.161,1,0.078,0.078,0.25,0.1
0.99997,1.0279,0,0,0,1.1599,1.1599,1,0.08,0.08,0.25,0.1
0.99997,1.0293,0,0,0,1.1587,1.1587,1,0.082,0.082,0.25,0.1
0.99996,1.0307,0,0,0,1.1575,1.1575,1,0.084,0.084,0.25,0.1
0.99996,1.0321,0,0,0,1.1563,1.1563,1,0.086,0.086,0.25,0.1
0.99995,1.0334,0,0,0,1.155,1.155,1,0.088,0.088,0.25,0.1
0.99995,1.0348,0,0,0,1.1538,1.1538,1,0.09,0.09,0.25,0.1
0.99995,1.0364,0,0,0,1.1525,1.1525,1,0.092,0.092,0.25,0.1
0.99994,1.0379,0,0,0,1.1511,1.1511,1,0.094,0.094,0.25,0.1
0.99994,1.0394,0,0,0,1.1498,1.1498,1,0.096,0.096,0.25,0.1
0.99993,1.0409,0,0,0,1.1484,1.1484,1,0.098,0.098,0.25,0.1
0.99993,1.0424,0,0,0,1.1471,1.1471,1,0.1,0.1,0.25,0.1
0.99992,1.044,0,0,0,1.1456,1.1456,1,0.102,0.102,0.25,0.1
0.99991,1.0456,0,0,0,1.1442,1.1442,1,0.104,0.104,0.25,0.1
0.9999,1.0472,0,0,0,1.1427,1.1427,1,0.106,0.106,0.25,0.1
0.9999,1.0489,0,0,0,1.1412,1.1412,1,0.108,0.108,0.25,0.1
0.99989,1.0505,0,0,0,1.1398,1.1398,1,0.11,0.11,0.25,0.1
0.99988,1.0522,0,0,0,1.1382,1.1382,1,0.112,0.112,0.25,0.1
0.99987,1.0539,0,0,0,1.1366,1.1366,1,0.114,0.114,0.25,0.1
0.99986,1.0556,0,0,0,1.1351,1.1351,1,0.116,0.116,0.25,0.1
0.99985,1.0573,0,0,0,1.1335,1.1335,1,0.118,0.118,0.25,0.1
0.99984,1.059,0,0,0,1.1319,1.1319,1,0.12,0.12,0.25,0.1
0.99983,1.0608,0,0,0,1.1303,1.1303,1,0.122,0.122,0.25,0.1
0.99981,1.0626,0,0,0,1.1286,1.1286,1,0.124,0.124,0.25,0.1
0.9998,1.0644,0,0,0,1.127,1.127,1,0.126,0.126,0.25,0.1
0.99979,1.0662,0,0,0,1.1253,1.1253,1,0.128,0.128,0.25,0.1
0.99977,1.068,0,0,0,1.1236,1.1236,1,0.13,0.13,0.25,0.1
0.99976,1.0698,0,0,0,1.1219,1.1219,1,0.132,0.132,0.25,0.1
0.99974,1.0717,0,0,0,1.1202,1.1202,1,0.134,0.134,0.25,0.1
0.99972,1.0735,0,0,0,1.1184,1.1184,1,0.136,0.136,0.25,0.1
0.99971,1.0754,0,0,0,1.1167,1.1167,1,0.138,0.138,0.25,0.1
0.99969,1.0772,0,0,0,1.1149,1.1149,1,0.14,0.14,0.25,0.1
0.99967,1.0791,0,0,0,1.1131,1.1131,1,0.142,0.142,0.25,0.1
0.99965,1.081,0,0,0,1.1113,1.1113,1,0.144,0.144,0.25,0.1
0.99962,1.0829,0,0,0,1.1095,1.1095,1,0.146,0.146,0.25,0.1
0.9996,1.0849,0,0,0,1.1077,1.1077,1,0.148,0.148,0.25,0.1
0.99958,1.0868,0,0,0,1.1059,1.1059,1,0.15,0.15,0.25,0.1
0.99955,1.0887,0,0,0,1.104,1.104,1,0.152,0.152,0.25,0.1
0.99953,1.0907,0,0,0,1.1022,1.1022,1,0.154,0.154,0.25,0.1
0.9995,1.0926,0,0,0,1.1003,1.1003,1,0.156,0.156,0.25,0.1
0.99947,1.0946,0,0,0,1.0984,1.0984,1,0.158,0.158,0.25,0.1
0.99944,1.0965,0,0,0,1.0966,1.0966,1,0.16,0.16,0.25,0.1
0.99941,1.0985,0,0,0,1.0946,1.0946,1,0.162,0.162,0.25,0.1
0.99938,1.1005,0,0,0,1.0927,1.0927,1,0.164,0.164,0.25,0.1
0.99934,1.1025,0,0,0,1.0908,1.0908,1,0.166,0.166,0.25,0.1
0.99931,1.1044,0,0,0,1.0889,1.0889,1,0.168,0.168,0.25,0.1
0.99928,1.1064,0,0,0,1.087,1.087,1,0.17,0.17,0.25,0.1
0.99924,1.1084,0,0,0,1.085,1.085,1,0.172,0.172,0.25,0.1
0.9992,1.1104,0,0,0,1.0831,1.0831,1,0.174,0.174,0.25,0.1
0.99916,1.1124,0,0,0,1.0811,1.0811,1,0.176,0.176,0.25,0.1
0.99912,1.1144,0,0,0,1.0792,1.0792,1,0.178,0.178,0.25,0.1
0.99908,1.1165,0,0,0,1.0772,1.0772,1,0.18,0.18,0.25,0.1
0.99903,1.1185,0,0,0,1.0752,1.0752,1,0.182,0.182,0.25,0.1
0.99898,1.1205,0,0,0,1.0732,1.0732,1,0.184,0.184,0.25,0.1
0.99893,1.1225,0,0,0,1.0712,1.0712,1,0.186,0.186,0.25,0.1
0.99888,1.1245,0,0,0,1.0692,1.0692,1,0.188,0.188,0.25,0.1
0.99883,1.1265,0,0,0,1.0673,1.0673,1,0.19,0.19,0.25,0.1
0.99878,1.1285,0,0,0,1.0653,1.0653,1,0.192,0.192,0.25,0.1
0.99872,1.1306,0,0,0,1.0632,1.0632,1,0.194,0.194,0.25,0.1
0.99866,1.1326,0,0,0,1.0612,1.0612,1,0.196,0.196,0.25,0.1
0.99861,1.1346,0,0,0,1.0592,1.0592,1,0.198,0.198,0.25,0.1
0.99855,1.1366,0,0,0,1.0572,1.0572,1,0.2,0.2,0.25,0.1
0.99849,1.1386,0,0,0,1.0552,1.0552,1,0.202,0.202,0.25,0.1
0.99842,1.1407,0,0,0,1.0532,1.0532,1,0.204,0.204,0.25,0.1
0.99835,1.1427,0,0,0,1.0511,1.0511,1,0.206,0.206,0.25,0.1
0.99829,1.1447,0,0,0,1.0491,1.0491,1,0.208,0.208,0.25,0.1
0.99822,1.1467,0,0,0,1.0471,1.0471,1,0.21,0.21,0.25,0.1
0.99815,1.1487,0,0,0,1.0451,1.0451,1,0.212,0.212,0.25,0.1
0.99807,1.1507,0,0,0,1.043,1.043,1,0.214,0.214,0.25,0.1
0.99799,1.1527,0,0,0,1.041,1.041,1,0.216,0.216,0.25,0.1
0.99792,1.1547,0,0,0,1.039,1.039,1,0.218,0.218,0.25,0.1
0.99784,1.1567,0,0,0,1.0369,1.0369,1,0.22,0.22,0.25,0.1
0.99776,1.1587,0,0,0,1.0349,1.0349,1,0.222,0.222,0.25,0.1
0.99767,1.1607,0,0,0,1.0329,1.0329,1,0.224,0.224,0.25,0.1
0.99758,1.1627,0,0,0,1.0308,1.0308,1,0.226,0.226,0.25,0.1
0.9975,1.1647,0,0,0,1.0288,1.0288,1,0.228,0.228,0.25,0.1
0.99741,1.1667,0,0,0,1.0268,1.0268,1,0.23,0.23,0.25,0.1
0.99732,1.1686,0,0,0,1.0247,1.0247,1,0.232,0.232,0.25,0.1
0.99722,1.1706,0,0,0,1.0227,1.0227,1,0.234,0.234,0.25,0.1
0.99712,1.1726,0,0,0,1.0207,1.0207,1,0.236,0.236,0.25,0.1
0.99702,1.1745,0,0,0,1.0186,1.0186,1,0.238,0.238,0.25,0.1
0.99693,1.1765,0,0,0,1.0166,1.0166,1,0.24,0.24,0.25,0.1
0.99682,1.1784,0,0,0,1.0146,1.0146,1,0.242,0.242,0.25,0.1
0.99671,1.1804,0,0,0,1.0126,1.0126,1,0.244,0.244,0.25,0.1
0.9966,1.1823,0,0,0,1.0105,1.0105,1,0.246,0.246,0.25,0.1
0.99649,1.1842,0,0,0,1.0085,1.0085,1,0.248,0.248,0.25,0.1
0.99638,1.1862,0,0,0,1.0065,1.0065,1,0.25,0.25,0.25,0.1
0.99626,1.1881,0,0,0,1.0045,1.0045,1,0.252,0.252,0.25,0.1
0.99614,1.19,0,0,0,1.0025,1.0025,1,0.254,0.254,0.25,0.1
0.99602,1.1919,0,0,0,1.0005,1.0005,1,0.256,0.256,0.25,0.1
0.9959,1.1938,0,0,0,0.99844,0.99844,1,0.258,0.258,0.25,0.1
0.99578,1.1957,0,0,0,0.99643,0.99643,1,0.26,0.26,0.25,0.1
0.99565,1.1976,0,0,0,0.99443,0.99443,1,0.262,0.262,0.25,0.1
0.99552,1.1994,0,0,0,0.99243,0.99243,1,0.264,0.264,0.25,0.1
0.99539,1.2013,0,0,0,0.99044,0.99044,1,0.266,0.266,0.25,0.1
0.99525,1.2032,0,0,0,0.98844,0.98844,1,0.268,0.268,0.25,0.1
0.99512,1.205,0,0,0,0.98644,0.98644,1,0.27,0.27,0.25,0.1
0.99498,1.2069,0,0,0,0.98447,0.98447,1,0.272,0.272,0.25,0.1
0.99483,1.2087,0,0,0,0.98249,0.98249,1,0.274,0.274,0.25,0.1
0.99469,1.2105,0,0,0,0.98051,0.98051,1,0.276,0.276,0.25,0.1
0.99454,1.2124,0,0,0,0.97853,0.97853,1,0.278,0.278,0.25,0.1
0.9944,1.2142,0,0,0,0.97655,0.97655,1,0.28,0.28,0.25,0.1
0.99424,1.216,0,0,0,0.97459,0.97459,1,0.282,0.282,0.25,0.1
0.99409,1.2178,0,0,0,0.97264,0.97264,1,0.284,0.284,0.25,0.1
0.99393,1.2196,0,0,0,0.97068,0.97068,1,0.286,0.286,0.25,0.1
0.99377,1.2214,0,0,0,0.96872,0.96872,1,0.288,0.288,0.25,0.1
0.99361,1.2232,0,0,0,0.96676,0.96676,1,0.29,0.29,0.25,0.1
0.99344,1.2249,0,0,0,0.96483,0.96483,1,0.292,0.292,0.25,0.1
0.99327,1.2267,0,0,0,0.96289,0.96289,1,0.294,0.294,0.25,0.1
0.99311,1.2284,0,0,0,0.96096,0.96096,1,0.296,0.296,0.25,0.1
0.99294,1.2302,0,0,0,0.95902,0.95902,1,0.298,0.298,0.25,0.1
0.99277,1.2319,0,0,0,0.95709,0.95709,1,0.3,0.3,0.25,0.1
0.99258,1.2336,0,0,0,0.95518,0.95518,1,0.302,0.302,0.25,0.1
0.9924,1.2353,0,0,0,0.95327,0.95327,1,0.304,0.304,0.25,0.1
0.99222,1.237,0,0,0,0.95135,0.95135,1,0.306,0.306,0.25,0.1
0.99204,1.2388,0,0,0,0.94944,0.94944,1,0.308,0.308,0.25,0.1
0.99186,1.2405,0,0,0,0.94753,0.94753,1,0.31,0.31,0.25,0.1
0.99166,1.2421,0,0,0,0.94565,0.94565,1,0.312,0.312,0.25,0.1
0.99147,1.2438,0,0,0,0.94376,0.94376,1,0.314,0.314,0.25,0.1
0.99127,1.2454,0,0,0,0.94188,0.94188,1,0.316,0.316,0.25,0.1
0.99108,1.2471,0,0,0,0.93999,0.93999,1,0.318,0.318,0.25,0.1
0.99088,1.2488,0,0,0,0.93811,0.93811,1,0.32,0.32,0.25,0.1
0.99068,1.2504,0,0,0,0.93625,0.93625,1,0.322,0.322,0.25,0.1
0.99047,1.252,0,0,0,0.93439,0.93439,1,0.324,0.324,0.25,0.1
0.99026,1.2536,0,0,0,0.93253,0.93253,1,0.326,0.326,0.25,0.1
0.99006,1.2552,0,0,0,0.93067,0.93067,1,0.328,0.328,0.25,0.1
0.98985,1.2569,0,0,0,0.92881,0.92881,1,0.33,0.33,0.25,0.1
0.98963,1.2584,0,0,0,0.92698,0.92698,1,0.332,0.332,0.25,0.1
0.98941,1.26,0,0,0,0.92515,0.92515,1,0.334,0.334,0.25,0.1
0.98919,1.2616,0,0,0,0.92332,0.92332,1,0.336,0.336,0.25,0.1
0.98897,1.2631,0,0,0,0.92149,0.92149,1,0.338,0.338,0.25,0.1
0.98875,1.2647,0,0,0,0.91966,0.91966,1,0.34,0.34,0.25,0.1
0.98852,1.2662,0,0,0,0.91785,0.91785,1,0.342,0.342,0.25,0.1
0.98829,1.2678,0,0,0,0.91605,0.91605,1,0.344,0.344,0.25,0.1
0.98806,1.2693,0,0,0,0.91424,0.91424,1,0.346,0.346,0.25,0.1
0.98783,1.2708,0,0,0,0.91244,0.91244,1,0.348,0.348,0.25,0.1
0.98759,1.2723,0,0,0,0.91063,0.91063,1,0.35,0.35,0.25,0.1
0.98735,1.2738,0,0,0,0.90886,0.90886,1,0.352,0.352,0.25,0.1
0.98711,1.2753,0,0,0,0.90708,0.90708,1,0.354,0.354,0.25,0.1
0.98686,1.2768,0,0,0,0.90531,0.90531,1,0.356,0.356,0.25,0.1
0.98662,1.2782,0,0,0,0.90353,0.90353,1,0.358,0.358,0.25,0.1
0.98638,1.2797,0,0,0,0.90175,0.90175,1,0.36,0.36,0.25,0.1
0.98612,1.2812,0,0,0,0.9,0.9,1,0.362,0.362,0.25,0.1
0.98587,1.2826,0,0,0,0.89825,0.89825,1,0.364,0.364,0.25,0.1
0.98561,1.284,0,0,0,0.89651,0.89651,1,0.366,0.366,0.25,0.1
0.98536,1.2855,0,0,0,0.89476,0.89476,1,0.368,0.368,0.25,0.1
0.9851,1.2869,0,0,0,0.89301,0.89301,1,0.37,0.37,0.25,0.1
0.98484,1.2883,0,0,0,0.89129,0.89129,1,0.372,0.372,0.25,0.1
0.98457,1.2897,0,0,0,0.88956,0.88956,1,0.374,0.374,0.25,0.1
0.9843,1.291,0,0,0,0.88784,0.88784,1,0.376,0.376,0.25,0.1
0.98404,1.2924,0,0,0,0.88612,0.88612,1,0.378,0.378,0.25,0.1
0.98377,1.2938,0,0,0,0.8844,0.8844,1,0.38,0.38,0.25,0.1
0.98349,1.2952,0,0,0,0.8827,0.8827,1,0.382,0.382,0.25,0.1
0.98322,1.2965,0,0,0,0.88101,0.88101,1,0.384,0.384,0.25,0.1
0.98294,1.2979,0,0,0,0.87931,0.87931,1,0.386,0.386,0.25,0.1
0.98266,1.2992,0,0,0,0.87762,0.87762,1,0.388,0.388,0.25,0.1
0.98238,1.3005,0,0,0,0.87592,0.87592,1,0.39,0.39,0.25,0.1
0.98209,1.3018,0,0,0,0.87426,0.87426,1,0.392,0.392,0.25,0.1
0.98181,1.3031,0,0,0,0.87259,0.87259,1,0.394,0.394,0.25,0.1
0.98152,1.3044,0,0,0,0.87092,0.87092,1,0.396,0.396,0.25,0.1
0.98123,1.3057,0,0,0,0.86925,0.86925,1,0.398,0.398,0.25,0.1
0.98094,1.307,0,0,0,0.86758,0.86758,1,0.4,0.4,0.25,0.1
0.98064,1.3083,0,0,0,0.86594,0.86594,1,0.402,0.402,0.25,0.1
0.98034,1.3095,0,0,0,0.8643,0.8643,1,0.404,0.404,0.25,0.1
0.98004,1.3108,0,0,0,0.86266,0.86266,1,0.406,0.406,0.25,0.1
0.97974,1.3121,0,0,0,0.86101,0.86101,1,0.408,0.408,0.25,0.1
0.97944,1.3133,0,0,0,0.85937,0.85937,1,0.41,0.41,0.25,0.1
0.97914,1.3145,0,0,0,0.85775,0.85775,1,0.412,0.412,0.25,0.1
0.97883,1.3157,0,0,0,0.85614,0.85614,1,0.414,0.414,0.25,0.1
0.97852,1.317,0,0,0,0.85452,0.85452,1,0.416,0.416,0.25,0.1
0.97821,1.3182,0,0,0,0.8529,0.8529,1,0.418,0.418,0.25,0.1
0.9779,1.3194,0,0,0,0.85128,0.85128,1,0.42,0.42,0.25,0.1
0.97758,1.3206,0,0,0,0.84969,0.84969,1,0.422,0.422,0.25,0.1
0.97726,1.3217,0,0,0,0.8481,0.8481,1,0.424,0.424,0.25,0.1
0.97694,1.3229,0,0,0,0.84651,0.84651,1,0.426,0.426,0.25,0.1
0.97662,1.3241,0,0,0,0.84491,0.84491,1,0.428,0.428,0.25,0.1
0.9763,1.3253,0,0,0,0.84332,0.84332,1,0.43,0.43,0.25,0.1
0.97597,1.3264,0,0,0,0.84175,0.84175,1,0.432,0.432,0.25,0.1
0.97565,1.3275,0,0,0,0.84018,0.84018,1,0.434,0.434,0.25,0.1
0.97532,1.3287,0,0,0,0.83862,0.83862,1,0.436,0.436,0.25,0.1
0.97499,1.3298,0,0,0,0.83705,0.83705,1,0.438,0.438,0.25,0.1
0.97466,1.3309,0,0,0,0.83548,0.83548,1,0.44,0.44,0.25,0.1
0.97432,1.332,0,0,0,0.83393,0.83393,1,0.442,0.442,0.25,0.1
0.97398,1.3331,0,0,0,0.83239,0.83239,1,0.444,0.444,0.25,0.1
0.97365,1.3342,0,0,0,0.83084,0.83084,1,0.446,0.446,0.25,0.1
0.97331,1.3353,0,0,0,0.82929,0.82929,1,0.448,0.448,0.25,0.1
0.97297,1.3364,0,0,0,0.82775,0.82775,1,0.45,0.45,0.25,0.1
0.97262,1.3375,0,0,0,0.82622,0.82622,1,0.452,0.452,0.25,0.1
0.97228,1.3385,0,0,0,0.8247,0.8247,1,0.454,0.454,0.25,0.1
0.97193,1.3396,0,0,0,0.82318,0.82318,1,0.456,0.456,0.25,0.1
0.97158,1.3407,0,0,0,0.82165,0.82165,1,0.458,0.458,0.25,0.1
0.97124,1.3417,0,0,0,0.82013,0.82013,1,0.46,0.46,0.25,0.1
0.97088,1.3427,0,0,0,0.81863,0.81863,1,0.462,0.462,0.25,0.1
0.97053,1.3438,0,0,0,0.81713,0.81713,1,0.464,0.464,0.25,0.1
0.97017,1.3448,0,0,0,0.81562,0.81562,1,0.466,0.466,0.25,0.1
0.96982,1.3458,0,0,0,0.81412,0.81412,1,0.468,0.468,0.25,0.1
0.96946,1.3468,0,0,0,0.81262,0.81262,1,0.47,0.47,0.25,0.1
0.9691,1.3478,0,0,0,0.81114,0.81114,1,0.472,0.472,0.25,0.1
0.96874,1.3488,0,0,0,0.80966,0.80966,1,0.474,0.474,0.25,0.1
0.96837,1.3498,0,0,0,0.80817,0.80817,1,0.476,0.476,0.25,0.1
0.96801,1.3508,0,0,0,0.80669,0.80669,1,0.478,0.478,0.25,0.1
0.96765,1.3518,0,0,0,0.80521,0.80521,1,0.48,0.48,0.25,0.1
0.96727,1.3527,0,0,0,0.80375,0.80375,1,0.482,0.482,0.25,0.1
0.9669,1.3537,0,0,0,0.80229,0.80229,1,0.484,0.484,0.25,0.1
0.96653,1.3546,0,0,0,0.80083,0.80083,1,0.486,0.486,0.25,0.1
0.96616,1.3556,0,0,0,0.79936,0.79936,1,0.488,0.488,0.25,0.1
0.96579,1.3565,0,0,0,0.7979,0.7979,1,0.49,0.49,0.25,0.1
0.96541,1.3574,0,0,0,0.79646,0.79646,1,0.492,0.492,0.25,0.1
0.96503,1.3584,0,0,0,0.79502,0.79502,1,0.494,0.494,0.25,0.1
0.96465,1.3593,0,0,0,0.79357,0.79357,1,0.496,0.496,0.25,0.1
0.96428,1.3602,0,0,0,0.79213,0.79213,1,0.498,0.498,0.25,0.1
0.9639,1.3611,0,0,0,0.79069,0.79069,1,0.5,0.5,0.25,0.1
0.96351,1.362,0,0,0,0.78926,0.78926,1,0.502,0.502,0.25,0.1
0.96313,1.3629,0,0,0,0.78784,0.78784,1,0.504,0.504,0.25,0.1
0.96274,1.3638,0,0,0,0.78641,0.78641,1,0.506,0.506,0.25,0.1
0.96235,1.3647,0,0,0,0.78499,0.78499,1,0.508,0.508,0.25,0.1
0.96197,1.3656,0,0,0,0.78356,0.78356,1,0.51,0.51,0.25,0.1
0.96158,1.3664,0,0,0,0.78216,0.78216,1,0.512,0.512,0.25,0.1
0.96118,1.3673,0,0,0,0.78075,0.78075,1,0.514,0.514,0.25,0.1
0.96079,1.3681,0,0,0,0.77934,0.77934,1,0.516,0.516,0.25,0.1
0.9604,1.369,0,0,0,0.77793,0.77793,1,0.518,0.518,0.25,0.1
0.96001,1.3698,0,0,0,0.77653,0.77653,1,0.52,0.52,0.25,0.1
0.95961,1.3707,0,0,0,0.77514,0.77514,1,0.522,0.522,0.25,0.1
0.95921,1.3715,0,0,0,0.77375,0.77375,1,0.524,0.524,0.25,0.1
0.95881,1.3723,0,0,0,0.77235,0.77235,1,0.526,0.526,0.25,0.1
0.95841,1.3732,0,0,0,0.77096,0.77096,1,0.528,0.528,0.25,0.1
0.95801,1.374,0,0,0,0.76957,0.76957,1,0.53,0.53,0.25,0.1
0.9576,1.3748,0,0,0,0.7682,0.7682,1,0.532,0.532,0.25,0.1
0.9572,1.3756,0,0,0,0.76682,0.76682,1,0.534,0.534,0.25,0.1
0.95679,1.3764,0,0,0,0.76545,0.76545,1,0.536,0.536,0.25,0.1
0.95639,1.3772,0,0,0,0.76407,0.76407,1,0.538,0.538,0.25,0.1
0.95598,1.378,0,0,0,0.7627,0.7627,1,0.54,0.54,0.25,0.1
0.95557,1.3788,0,0,0,0.76134,0.76134,1,0.542,0.542,0.25,0.1
0.95516,1.3795,0,0,0,0.75998,0.75998,1,0.544,0.544,0.25,0.1
0.95475,1.3803,0,0,0,0.75862,0.75862,1,0.546,0.546,0.25,0.1
0.95434,1.3811,0,0,0,0.75726,0.75726,1,0.548,0.548,0.25,0.1
0.95393,1.3818,0,0,0,0.7559,0.7559,1,0.55,0.55,0.25,0.1
0.95351,1.3826,0,0,0,0.75456,0.75456,1,0.552,0.552,0.25,0.1
0.95309,1.3833,0,0,0,0.75321,0.75321,1,0.554,0.554,0.25,0.1
0.95268,1.3841,0,0,0,0.75187,0.75187,1,0.556,0.556,0.25,0.1
0.95226,1.3848,0,0,0,0.75052,0.75052,1,0.558,0.558,0.25,0.1
0.95184,1.3856,0,0,0,0.74918,0.74918,1,0.56,0.56,0.25,0.1
0.95142,1.3863,0,0,0,0.74785,0.74785,1,0.562,0.562,0.25,0.1
0.951,1.387,0,0,0,0.74652,0.74652,1,0.564,0.564,0.25,0.1
0.95058,1.3877,0,0,0,0.74519,0.74519,1,0.566,0.566,0.25,0.1
0.95015,1.3884,0,0,0,0.74386,0.74386,1,0.568,0.568,0.25,0.1
0.94973,1.3892,0,0,0,0.74252,0.74252,1,0.57,0.57,0.25,0.1
0.9493,1.3899,0,0,0,0.74121,0.74121,1,0.572,0.572,0.25,0.1
0.94888,1.3906,0,0,0,0.73989,0.73989,1,0.574,0.574,0.25,0.1
0.94845,1.3913,0,0,0,0.73857,0.73857,1,0.576,0.576,0.25,0.1
0.94802,1.392,0,0,0,0.73726,0.73726,1,0.578,0.578,0.25,0.1
0.94759,1.3926,0,0,0,0.73594,0.73594,1,0.58,0.58,0.25,0.1
0.94716,1.3933,0,0,0,0.73463,0.73463,1,0.582,0.582,0.25,0.1
0.94673,1.394,0,0,0,0.73333,0.73333,1,0.584,0.584,0.25,0.1
0.9463,1.3947,0,0,0,0.73202,0.73202,1,0.586,0.586,0.25,0.1
0.94586,1.3953,0,0,0,0.73072,0.73072,1,0.588,0.588,0.25,0.1
0.94543,1.396,0,0,0,0.72941,0.72941,1,0.59,0.59,0.25,0.1
0.945,1.3966,0,0,0,0.72812,0.72812,1,0.592,0.592,0.25,0.1
0.94456,1.3973,0,0,0,0.72683,0.72683,1,0.594,0.594,0.25,0.1
0.94412,1.3979,0,0,0,0.72554,0.72554,1,0.596,0.596,0.25,0.1
0.94369,1.3986,0,0,0,0.72424,0.72424,1,0.598,0.598,0.25,0.1
0.94325,1.3992,0,0,0,0.72295,0.72295,1,0.6,0.6,0.25,0.1
0.94281,1.3999,0,0,0,0.72167,0.72167,1,0.602,0.602,0.25,0.1
0.94237,1.4005,0,0,0,0.72039,0.72039,1,0.604,0.604,0.25,0.1
0.94193,1.4011,0,0,0,0.71911,0.71911,1,0.606,0.606,0.25,0.1
0.94148,1.4018,0,0,0,0.71783,0.71783,1,0.608,0.608,0.25,0.1
0.94104,1.4024,0,0,0,0.71655,0.71655,1,0.61,0.61,0.25,0.1
0.9406,1.403,0,0,0,0.71528,0.71528,1,0.612,0.612,0.25,0.1
0.94015,1.4036,0,0,0,0.71401,0.71401,1,0.614,0.614,0.25,0.1
0.93971,1.4042,0,0,0,0.71274,0.71274,1,0.616,0.616,0.25,0.1
0.93926,1.4048,0,0,0,0.71147,0.71147,1,0.618,0.618,0.25,0.1
0.93882,1.4054,0,0,0,0.7102,0.7102,1,0.62,0.62,0.25,0.1
0.93837,1.406,0,0,0,0.70894,0.70894,1,0.622,0.622,0.25,0.1
0.93792,1.4066,0,0,0,0.70768,0.70768,1,0.624,0.624,0.25,0.1
0.93747,1.4072,0,0,0,0.70642,0.70642,1,0.626,0.626,0.25,0.1
0.93702,1.4078,0,0,0,0.70516,0.70516,1,0.628,0.628,0.25,0.1
0.93657,1.4083,0,0,0,0.7039,0.7039,1,0.63,0.63,0.25,0.1
0.93612,1.4089,0,0,0,0.70266,0.70266,1,0.632,0.632,0.25,0.1
0.93567,1.4095,0,0,0,0.70141,0.70141,1,0.634,0.634,0.25,0.1
0.93521,1.41,0,0,0,0.70016,0.70016,1,0.636,0.636,0.25,0.1
0.93476,1.4106,0,0,0,0.69891,0.69891,1,0.638,0.638,0.25,0.1
0.93431,1.4112,0,0,0,0.69766,0.69766,1,0.64,0.64,0.25,0.1
0.93385,1.4117,0,0,0,0.69642,0.69642,1,0.642,0.642,0.25,0.1
0.9334,1.4123,0,0,0,0.69518,0.69518,1,0.644,0.644,0.25,0.1
0.93294,1.4128,0,0,0,0.69394,0.69394,1,0.646,0.646,0.25,0.1
0.93248,1.4133,0,0,0,0.6927,0.6927,1,0.648,0.648,0.25,0.1
0.93203,1.4139,0,0,0,0.69147,0.69147,1,0.65,0.65,0.25,0.1
0.93157,1.4144,0,0,0,0.69024,0.69024,1,0.652,0.652,0.25,0.1
0.93111,1.415,0,0,0,0.68901,0.68901,1,0.654,0.654,0.25,0.1
0.93065,1.4155,0,0,0,0.68778,0.68778,1,0.656,0.656,0.25,0.1
0.93019,1.416,0,0,0,0.68655,0.68655,1,0.658,0.658,0.25,0.1
0.92973,1.4165,0,0,0,0.68532,0.68532,1,0.66,0.66,0.25,0.1
0.92927,1.4171,0,0,0,0.6841,0.6841,1,0.662,0.662,0.25,0.1
0.92881,1.4176,0,0,0,0.68288,0.68288,1,0.664,0.664,0.25,0.1
0.92835,1.4181,0,0,0,0.68166,0.68166,1,0.666,0.666,0.25,0.1
0.92788,1.4186,0,0,0,0.68044,0.68044,1,0.668,0.668,0.25,0.1
0.92742,1.4191,0,0,0,0.67921,0.67921,1,0.67,0.67,0.25,0.1
0.92696,1.4196,0,0,0,0.678,0.678,1,0.672,0.672,0.25,0.1
0.92649,1.4201,0,0,0,0.67679,0.67679,1,0.674,0.674,0.25,0.1
0.92602,1.4206,0,0,0,0.67558,0.67558,1,0.676,0.676,0.25,0.1
0.92556,1.4211,0,0,0,0.67437,0.67437,1,0.678,0.678,0.25,0.1
0.92509,1.4216,0,0,0,0.67315,0.67315,1,0.68,0.68,0.25,0.1
0.92463,1.422,0,0,0,0.67195,0.67195,1,0.682,0.682,0.25,0.1
0.92416,1.4225,0,0,0,0.67075,0.67075,1,0.684,0.684,0.25,0.1
0.92369,1.423,0,0,0,0.66954,0.66954,1,0.686,0.686,0.25,0.1
0.92322,1.4235,0,0,0,0.66834,0.66834,1,0.688,0.688,0.25,0.1
0.92276,1.424,0,0,0,0.66714,0.66714,1,0.69,0.69,0.25,0.1
0.92228,1.4244,0,0,0,0.66594,0.66594,1,0.692,0.692,0.25,0.1
0.92181,1.4249,0,0,0,0.66474,0.66474,1,0.694,0.694,0.25,0.1
0.92134,1.4253,0,0,0,0.66355,0.66355,1,0.696,0.696,0.25,0.1
0.92087,1.4258,0,0,0,0.66235,0.66235,1,0.698,0.698,0.25,0.1
0.9204,1.4263,0,0,0,0.66116,0.66116,1,0.7,0.7,0.25,0.1
0.91993,1.4267,0,0,0,0.65997,0.65997,1,0.702,0.702,0.25,0.1
0.91946,1.4272,0,0,0,0.65878,0.65878,1,0.704,0.704,0.25,0.1
0.91898,1.4276,0,0,0,0.65759,0.65759,1,0.706,0.706,0.25,0.1
0.91851,1.4281,0,0,0,0.6564,0.6564,1,0.708,0.708,0.25,0.1
0.91804,1.4285,0,0,0,0.65522,0.65522,1,0.71,0.71,0.25,0.1
0.91756,1.4289,0,0,0,0.65404,0.65404,1,0.712,0.712,0.25,0.1
0.91709,1.4294,0,0,0,0.65285,0.65285,1,0.714,0.714,0.25,0.1
0.91661,1.4298,0,0,0,0.65167,0.65167,1,0.716,0.716,0.25,0.1
0.91614,1.4302,0,0,0,0.65049,0.65049,1,0.718,0.718,0.25,0.1
0.91567,1.4307,0,0,0,0.64931,0.64931,1,0.72,0.72,0.25,0.1
0.91519,1.4311,0,0,0,0.64814,0.64814,1,0.722,0.722,0.25,0.1
0.91471,1.4315,0,0,0,0.64696,0.64696,1,0.724,0.724,0.25,0.1
0.91423,1.4319,0,0,0,0.64579,0.64579,1,0.726,0.726,0.25,0.1
0.91376,1.4324,0,0,0,0.64462,0.64462,1,0.728,0.728,0.25,0.1
0.91328,1.4328,0,0,0,0.64344,0.64344,1,0.73,0.73,0.25,0.1
0.9128,1.4332,0,0,0,0.64228,0.64228,1,0.732,0.732,0.25,0.1
0.91232,1.4336,0,0,0,0.64111,0.64111,1,0.734,0.734,0.25,0.1
0.91184,1.434,0,0,0,0.63994,0.63994,1,0.736,0.736,0.25,0.1
0.91137,1.4344,0,0,0,0.63877,0.63877,1,0.738,0.738,0.25,0.1
0.91089,1.4348,0,0,0,0.63761,0.63761,1,0.74,0.74,0.25,0.1
0.91041,1.4352,0,0,0,0.63645,0.63645,1,0.742,0.742,0.25,0.1
0.90993,1.4356,0,0,0,0.63529,0.63529,1,0.744,0.744,0.25,0.1
0.90945,1.436,0,0,0,0.63413,0.63413,1,0.746,0.746,0.25,0.1
0.90897,1.4364,0,0,0,0.63296,0.63296,1,0.748,0.748,0.25,0.1
0.90848,1.4368,0,0,0,0.6318,0.6318,1,0.75,0.75,0.25,0.1
0.908,1.4371,0,0,0,0.63065,0.63065,1,0.752,0.752,0.25,0.1
0.90752,1.4375,0,0,0,0.6295,0.6295,1,0.754,0.754,0.25,0.1
0.90704,1.4379,0,0,0,0.62834,0.62834,1,0.756,0.756,0.25,0.1
0.90656,1.4383,0,0,0,0.62719,0.62719,1,0.758,0.758,0.25,0.1
0.90608,1.4386,0,0,0,0.62603,0.62603,1,0.76,0.76,0.25,0.1
0.90559,1.439,0,0,0,0.62488,0.62488,1,0.762,0.762,0.25,0.1
0.90511,1.4394,0,0,0,0.62374,0.62374,1,0.764,0.764,0.25,0.1
0.90462,1.4398,0,0,0,0.62259,0.62259,1,0.766,0.766,0.25,0.1
0.90414,1.4401,0,0,0,0.62144,0.62144,1,0.768,0.768,0.25,0.1
0.90366,1.4405,0,0,0,0.62029,0.62029,1,0.77,0.77,0.25,0.1
0.90317,1.4408,0,0,0,0.61915,0.61915,1,0.772,0.772,0.25,0.1
0.90269,1.4412,0,0,0,0.61801,0.61801,1,0.774,0.774,0.25,0.1
0.9022,1.4416,0,0,0,0.61686,0.61686,1,0.776,0.776,0.25,0.1
0.90172,1.4419,0,0,0,0.61572,0.61572,1,0.778,0.778,0.25,0.1
0.90123,1.4423,0,0,0,0.61458,0.61458,1,0.78,0.78,0.25,0.1
0.90075,1.4426,0,0,0,0.61344,0.61344,1,0.782,0.782,0.25,0.1
0.90026,1.443,0,0,0,0.61231,0.61231,1,0.784,0.784,0.25,0.1
0.89978,1.4433,0,0,0,0.61117,0.61117,1,0.786,0.786,0.25,0.1
0.89929,1.4436,0,0,0,0.61003,0.61003,1,0.788,0.788,0.25,0.1
0.8988,1.444,0,0,0,0.6089,0.6089,1,0.79,0.79,0.25,0.1
0.89832,1.4443,0,0,0,0.60776,0.60776,1,0.792,0.792,0.25,0.1
0.89783,1.4447,0,0,0,0.60663,0.60663,1,0.794,0.794,0.25,0.1
0.89734,1.445,0,0,0,0.6055,0.6055,1,0.796,0.796,0.25,0.1
0.89686,1.4453,0,0,0,0.60437,0.60437,1,0.798,0.798,0.25,0.1
0.89637,1.4457,0,0,0,0.60324,0.60324,1,0.8,0.8,0.25,0.1
0.89588,1.446,0,0,0,0.60211,0.60211,1,0.802,0.802,0.25,0.1
0.89539,1.4463,0,0,0,0.60099,0.60099,1,0.804,0.804,0.25,0.1
0.8949,1.4466,0,0,0,0.59986,0.59986,1,0.806,0.806,0.25,0.1
0.89442,1.447,0,0,0,0.59874,0.59874,1,0.808,0.808,0.25,0.1
0.89393,1.4473,0,0,0,0.59761,0.59761,1,0.81,0.81,0.25,0.1
0.89344,1.4476,0,0,0,0.59649,0.59649,1,0.812,0.812,0.25,0.1
0.89295,1.4479,0,0,0,0.59537,0.59537,1,0.814,0.814,0.25,0.1
0.89246,1.4482,0,0,0,0.59425,0.59425,1,0.816,0.816,0.25,0.1
0.89197,1.4485,0,0,0,0.59312,0.59312,1,0.818,0.818,0.25,0.1
0.89148,1.4488,0,0,0,0.592,0.592,1,0.82,0.82,0.25,0.1
0.89099,1.4491,0,0,0,0.59089,0.59089,1,0.822,0.822,0.25,0.1
0.8905,1.4494,0,0,0,0.58977,0.58977,1,0.824,0.824,0.25,0.1
0.89001,1.4497,0,0,0,0.58865,0.58865,1,0.826,0.826,0.25,0.1
0.88952,1.45,0,0,0,0.58754,0.58754,1,0.828,0.828,0.25,0.1
0.88903,1.4503,0,0,0,0.58642,0.58642,1,0.83,0.83,0.25,0.1
0.88854,1.4506,0,0,0,0.58531,0.58531,1,0.832,0.832,0.25,0.1
0.88805,1.4509,0,0,0,0.5842,0.5842,1,0.834,0.834,0.25,0.1
0.88756,1.4512,0,0,0,0.58309,0.58309,1,0.836,0.836,0.25,0.1
0.88707,1.4515,0,0,0,0.58198,0.58198,1,0.838,0.838,0.25,0.1
0.88658,1.4518,0,0,0,0.58087,0.58087,1,0.84,0.84,0.25,0.1
0.88609,1.4521,0,0,0,0.57976,0.57976,1,0.842,0.842,0.25,0.1
0.8856,1.4524,0,0,0,0.57865,0.57865,1,0.844,0.844,0.25,0.1
0.88511,1.4527,0,0,0,0.57754,0.57754,1,0.846,0.846,0.25,0.1
0.88462,1.453,0,0,0,0.57644,0.57644,1,0.848,0.848,0.25,0.1
0.88413,1.4532,0,0,0,0.57533,0.57533,1,0.85,0.85,0.25,0.1
0.88364,1.4535,0,0,0,0.57423,0.57423,1,0.852,0.852,0.25,0.1
0.88314,1.4538,0,0,0,0.57313,0.57313,1,0.854,0.854,0.25,0.1
0.88265,1.4541,0,0,0,0.57202,0.57202,1,0.856,0.856,0.25,0.1
0.88216,1.4543,0,0,0,0.57092,0.57092,1,0.858,0.858,0.25,0.1
0.88167,1.4546,0,0,0,0.56982,0.56982,1,0.86,0.86,0.25,0.1
0.88118,1.4549,0,0,0,0.56872,0.56872,1,0.862,0.862,0.25,0.1
0.88069,1.4551,0,0,0,0.56762,0.56762,1,0.864,0.864,0.25,0.1
0.88019,1.4554,0,0,0,0.56652,0.56652,1,0.866,0.866,0.25,0.1
0.8797,1.4557,0,0,0,0.56542,0.56542,1,0.868,0.868,0.25,0.1
0.87921,1.456,0,0,0,0.56433,0.56433,1,0.87,0.87,0.25,0.1
0.87872,1.4562,0,0,0,0.56323,0.56323,1,0.872,0.872,0.25,0.1
0.87823,1.4565,0,0,0,0.56214,0.56214,1,0.874,0.874,0.25,0.1
0.87773,1.4567,0,0,0,0.56104,0.56104,1,0.876,0.876,0.25,0.1
0.87724,1.457,0,0,0,0.55995,0.55995,1,0.878,0.878,0.25,0.1
0.87675,1.4572,0,0,0,0.55886,0.55886,1,0.88,0.88,0.25,0.1
0.87626,1.4575,0,0,0,0.55777,0.55777,1,0.882,0.882,0.25,0.1
0.87576,1.4577,0,0,0,0.55668,0.55668,1,0.884,0.884,0.25,0.1
0.87527,1.458,0,0,0,0.55558,0.55558,1,0.886,0.886,0.25,0.1
0.87478,1.4582,0,0,0,0.55449,0.55449,1,0.888,0.888,0.25,0.1
0.87429,1.4585,0,0,0,0.5534,0.5534,1,0.89,0.89,0.25,0.1
0.87379,1.4587,0,0,0,0.55232,0.55232,1,0.892,0.892,0.25,0.1
0.8733,1.459,0,0,0,0.55123,0.55123,1,0.894,0.894,0.25,0.1
0.87281,1.4592,0,0,0,0.55015,0.55015,1,0.896,0.896,0.25,0.1
0.87232,1.4595,0,0,0,0.54906,0.54906,1,0.898,0.898,0.25,0.1
0.87182,1.4597,0,0,0,0.54797,0.54797,1,0.9,0.9,0.25,0.1
0.87133,1.4599,0,0,0,0.54689,0.54689,1,0.902,0.902,0.25,0.1
0.87084,1.4602,0,0,0,0.54581,0.54581,1,0.904,0.904,0.25,0.1
0.87035,1.4604,0,0,0,0.54473,0.54473,1,0.906,0.906,0.25,0.1
0.86985,1.4606,0,0,0,0.54364,0.54364,1,0.908,0.908,0.25,0.1
0.86936,1.4609,0,0,0,0.54256,0.54256,1,0.91,0.91,0.25,0.1
0.86887,1.4611,0,0,0,0.54148,0.54148,1,0.912,0.912,0.25,0.1
0.86838,1.4613,0,0,0,0.5404,0.5404,1,0.914,0.914,0.25,0.1
0.86788,1.4616,0,0,0,0.53932,0.53932,1,0.916,0.916,0.25,0.1
0.86739,1.4618,0,0,0,0.53824,0.53824,1,0.918,0.918,0.25,0.1
0.8669,1.462,0,0,0,0.53717,0.53717,1,0.92,0.92,0.25,0.1
0.8664,1.4622,0,0,0,0.53609,0.53609,1,0.922,0.922,0.25,0.1
0.86591,1.4625,0,0,0,0.53501,0.53501,1,0.924,0.924,0.25,0.1
0.86542,1.4627,0,0,0,0.53394,0.53394,1,0.926,0.926,0.25,0.1
0.86493,1.4629,0,0,0,0.53286,0.53286,1,0.928,0.928,0.25,0.1
0.86443,1.4631,0,0,0,0.53179,0.53179,1,0.93,0.93,0.25,0.1
0.86394,1.4633,0,0,0,0.53072,0.53072,1,0.932,0.932,0.25,0.1
0.86345,1.4636,0,0,0,0.52964,0.52964,1,0.934,0.934,0.25,0.1
0.86295,1.4638,0,0,0,0.52857,0.52857,1,0.936,0.936,0.25,0.1
0.86246,1.464,0,0,0,0.5275,0.5275,1,0.938,0.938,0.25,0.1
0.86197,1.4642,0,0,0,0.52643,0.52643,1,0.94,0.94,0.25,0.1
0.86148,1.4644,0,0,0,0.52536,0.52536,1,0.942,0.942,0.25,0.1
0.86098,1.4646,0,0,0,0.52429,0.52429,1,0.944,0.944,0.25,0.1
0.86049,1.4648,0,0,0,0.52322,0.52322,1,0.946,0.946,0.25,0.1
0.86,1.465,0,0,0,0.52215,0.52215,1,0.948,0.948,0.25,0.1
0.85951,1.4652,0,0,0,0.52108,0.52108,1,0.95,0.95,0.25,0.1
0.85901,1.4654,0,0,0,0.52002,0.52002,1,0.952,0.952,0.25,0.1
0.85852,1.4656,0,0,0,0.51895,0.51895,1,0.954,0.954,0.25,0.1
0.85803,1.4658,0,0,0,0.51789,0.51789,1,0.956,0.956,0.25,0.1
0.85754,1.466,0,0,0,0.51682,0.51682,1,0.958,0.958,0.25,0.1
0.85705,1.4662,0,0,0,0.51576,0.51576,1,0.96,0.96,0.25,0.1
0.85655,1.4664,0,0,0,0.51469,0.51469,1,0.962,0.962,0.25,0.1
0.85606,1.4666,0,0,0,0.51363,0.51363,1,0.964,0.964,0.25,0.1
0.85557,1.4668,0,0,0,0.51257,0.51257,1,0.966,0.966,0.25,0.1
0.85508,1.467,0,0,0,0.51151,0.51151,1,0.968,0.968,0.25,0.1
0.85458,1.4672,0,0,0,0.51044,0.51044,1,0.97,0.97,0.25,0.1
0.85409,1.4674,0,0,0,0.50939,0.50939,1,0.972,0.972,0.25,0.1
0.8536,1.4676,0,0,0,0.50833,0.50833,1,0.974,0.974,0.25,0.1
0.85311,1.4678,0,0,0,0.50727,0.50727,1,0.976,0.976,0.25,0.1
0.85262,1.468,0,0,0,0.50621,0.50621,1,0.978,0.978,0.25,0.1
0.85213,1.4682,0,0,0,0.50515,0.50515,1,0.98,0.98,0.25,0.1
0.85164,1.4683,0,0,0,0.50409,0.50409,1,0.982,0.982,0.25,0.1
0.85114,1.4685,0,0,0,0.50303,0.50303,1,0.984,0.984,0.25,0.1
0.85065,1.4687,0,0,0,0.50198,0.50198,1,0.986,0.986,0.25,0.1
0.85016,1.4689,0,0,0,0.50092,0.50092,1,0.988,0.988,0.25,0.1
0.84967,1.4691,0,0,0,0.49986,0.49986,1,0.99,0.99,0.25,0.1
0.84918,1.4693,0,0,0,0.49881,0.49881,1,0.992,0.992,0.25,0.1
0.84869,1.4694,0,0,0,0.49776,0.49776,1,0.994,0.994,0.25,0.1
0.8482,1.4696,0,0,0,0.4967,0.4967,1,0.996,0.996,0.25,0.1
0.84771,1.4698,0,0,0,0.49565,0.49565,1,0.998,0.998,0.25,0.1
0.84721,1.47,0,0,0,0.4946,0.4946,1,1,1,0.25,0.1
0.84672,1.4701,0,0,0,0.49355,0.49355,1,1.002,1.002,0.25,0.1
0.84623,1.4703,0,0,0,0.49249,0.49249,1,1.004,1.004,0.25,0.1
0.84574,1.4705,0,0,0,0.49144,0.49144,1,1.006,1.006,0.25,0.1
0.84525,1.4707,0,0,0,0.49039,0.49039,1,1.008,1.008,0.25,0.1
0.84476,1.4708,0,0,0,0.48934,0.48934,1,1.01,1.01,0.25,0.1
0.84427,1.471,0,0,0,0.48829,0.48829,1,1.012,1.012,0.25,0.1
0.84378,1.4712,0,0,0,0.48725,0.48725,1,1.014,1.014,0.25,0.1
0.84329,1.4713,0,0,0,0.4862,0.4862,1,1.016,1.016,0.25,0.1
0.8428,1.4715,0,0,0,0.48515,0.48515,1,1.018,1.018,0.25,0.1
0.84231,1.4717,0,0,0,0.4841,0.4841,1,1.02,1.02,0.25,0.1
0.84182,1.4718,0,0,0,0.48305,0.48305,1,1.022,1.022,0.25,0.1
0.84133,1.472,0,0,0,0.48201,0.48201,1,1.024,1.024,0.25,0.1
0.84084,1.4722,0,0,0,0.48096,0.48096,1,1.026,1.026,0.25,0.1
0.84035,1.4723,0,0,0,0.47992,0.47992,1,1.028,1.028,0.25,0.1
0.83986,1.4725,0,0,0,0.47887,0.47887,1,1.03,1.03,0.25,0.1
0.83938,1.4726,0,0,0,0.47783,0.47783,1,1.032,1.032,0.25,0.1
0.83889,1.4728,0,0,0,0.47679,0.47679,1,1.034,1.034,0.25,0.1
0.8384,1.473,0,0,0,0.47574,0.47574,1,1.036,1.036,0.25,0.1
0.83791,1.4731,0,0,0,0.4747,0.4747,1,1.038,1.038,0.25,0.1
0.83742,1.4733,0,0,0,0.47366,0.47366,1,1.04,1.04,0.25,0.1
0.83693,1.4734,0,0,0,0.47262,0.47262,1,1.042,1.042,0.25,0.1
0.83644,1.4736,0,0,0,0.47157,0.47157,1,1.044,1.044,0.25,0.1
0.83596,1.4737,0,0,0,0.47053,0.47053,1,1.046,1.046,0.25,0.1
0.83547,1.4739,0,0,0,0.46949,0.46949,1,1.048,1.048,0.25,0.1
0.83498,1.474,0,0,0,0.46845,0.46845,1,1.05,1.05,0.25,0.1
0.83449,1.4742,0,0,0,0.46741,0.46741,1,1.052,1.052,0.25,0.1
0.834,1.4743,0,0,0,0.46638,0.46638,1,1.054,1.054,0.25,0.1
0.83352,1.4745,0,0,0,0.46534,0.46534,1,1.056,1.056,0.25,0.1
0.83303,1.4746,0,0,0,0.4643,0.4643,1,1.058,1.058,0.25,0.1
0.83254,1.4748,0,0,0,0.46326,0.46326,1,1.06,1.06,0.25,0.1
0.83206,1.4749,0,0,0,0.46222,0.46222,1,1.062,1.062,0.25,0.1
0.83157,1.4751,0,0,0,0.46119,0.46119,1,1.064,1.064,0.25,0.1
0.83108,1.4752,0,0,0,0.46015,0.46015,1,1.066,1.066,0.25,0.1
0.83059,1.4753,0,0,0,0.45912,0.45912,1,1.068,1.068,0.25,0.1
0.83011,1.4755,0,0,0,0.45808,0.45808,1,1.07,1.07,0.25,0.1
0.82962,1.4756,0,0,0,0.45705,0.45705,1,1.072,1.072,0.25,0.1
0.82914,1.4758,0,0,0,0.45601,0.45601,1,1.074,1.074,0.25,0.1
0.82865,1.4759,0,0,0,0.45498,0.45498,1,1.076,1.076,0.25,0.1
0.82816,1.476,0,0,0,0.45394,0.45394,1,1.078,1.078,0.25,0.1
0.82768,1.4762,0,0,0,0.45291,0.45291,1,1.08,1.08,0.25,0.1
0.82719,1.4763,0,0,0,0.45188,0.45188,1,1.082,1.082,0.25,0.1
0.82671,1.4764,0,0,0,0.45085,0.45085,1,1.084,1.084,0.25,0.1
0.82622,1.4766,0,0,0,0.44982,0.44982,1,1.086,1.086,0.25,0.1
0.82573,1.4767,0,0,0,0.44878,0.44878,1,1.088,1.088,0.25,0.1
0.82525,1.4769,0,0,0,0.44775,0.44775,1,1.09,1.09,0.25,0.1
0.82476,1.477,0,0,0,0.44672,0.44672,1,1.092,1.092,0.25,0.1
0.82428,1.4771,0,0,0,0.44569,0.44569,1,1.094,1.094,0.25,0.1
0.8238,1.4772,0,0,0,0.44466,0.44466,1,1.096,1.096,0.25,0.1
0.82331,1.4774,0,0,0,0.44363,0.44363,1,1.098,1.098,0.25,0.1
0.82283,1.4775,0,0,0,0.4426,0.4426,1,1.1,1.1,0.25,0.1
0.82234,1.4776,0,0,0,0.44158,0.44158,1,1.102,1.102,0.25,0.1
0.82186,1.4778,0,0,0,0.44055,0.44055,1,1.104,1.104,0.25,0.1
0.82138,1.4779,0,0,0,0.43952,0.43952,1,1.106,1.106,0.25,0.1
0.82089,1.478,0,0,0,0.43849,0.43849,1,1.108,1.108,0.25,0.1
0.82041,1.4781,0,0,0,0.43747,0.43747,1,1.11,1.11,0.25,0.1
0.81992,1.4783,0,0,0,0.43644,0.43644,1,1.112,1.112,0.25,0.1
0.81944,1.4784,0,0,0,0.43542,0.43542,1,1.114,1.114,0.25,0.1
0.81896,1.4785,0,0,0,0.43439,0.43439,1,1.116,1.116,0.25,0.1
0.81848,1.4786,0,0,0,0.43336,0.43336,1,1.118,1.118,0.25,0.1
0.81799,1.4787,0,0,0,0.43234,0.43234,1,1.12,1.12,0.25,0.1
0.81751,1.4789,0,0,0,0.43131,0.43131,1,1.122,1.122,0.25,0.1
0.81703,1.479,0,0,0,0.43029,0.43029,1,1.124,1.124,0.25,0.1
0.81655,1.4791,0,0,0,0.42927,0.42927,1,1.126,1.126,0.25,0.1
0.81606,1.4792,0,0,0,0.42824,0.42824,1,1.128,1.128,0.25,0.1
0.81558,1.4793,0,0,0,0.42722,0.42722,1,1.13,1.13,0.25,0.1
0.8151,1.4795,0,0,0,0.4262,0.4262,1,1.132,1.132,0.25,0.1
0.81462,1.4796,0,0,0,0.42518,0.42518,1,1.134,1.134,0.25,0.1
0.81414,1.4797,0,0,0,0.42416,0.42416,1,1.136,1.136,0.25,0.1
0.81366,1.4798,0,0,0,0.42313,0.42313,1,1.138,1.138,0.25,0.1
0.81318,1.4799,0,0,0,0.42211,0.42211,1,1.14,1.14,0.25,0.1
0.8127,1.48,0,0,0,0.42109,0.42109,1,1.142,1.142,0.25,0.1
0.81222,1.4801,0,0,0,0.42007,0.42007,1,1.144,1.144,0.25,0.1
0.81174,1.4803,0,0,0,0.41905,0.41905,1,1.146,1.146,0.25,0.1
0.81125,1.4804,0,0,0,0.41803,0.41803,1,1.148,1.148,0.25,0.1
0.81077,1.4805,0,0,0,0.41701,0.41701,1,1.15,1.15,0.25,0.1
0.8103,1.4806,0,0,0,0.41599,0.41599,1,1.152,1.152,0.25,0.1
0.80982,1.4807,0,0,0,0.41498,0.41498,1,1.154,1.154,0.25,0.1
0.80934,1.4808,0,0,0,0.41396,0.41396,1,1.156,1.156,0.25,0.1
0.80886,1.4809,0,0,0,0.41294,0.41294,1,1.158,1.158,0.25,0.1
0.80838,1.481,0,0,0,0.41192,0.41192,1,1.16,1.16,0.25,0.1
0.8079,1.4811,0,0,0,0.4109,0.4109,1,1.162,1.162,0.25,0.1
0.80742,1.4812,0,0,0,0.40989,0.40989,1,1.164,1.164,0.25,0.1
0.80694,1.4813,0,0,0,0.40887,0.40887,1,1.166,1.166,0.25,0.1
0.80646,1.4815,0,0,0,0.40785,0.40785,1,1.168,1.168,0.25,0.1
0.80599,1.4816,0,0,0,0.40684,0.40684,1,1.17,1.17,0.25,0.1
0.80551,1.4817,0,0,0,0.40582,0.40582,1,1.172,1.172,0.25,0.1
0.80503,1.4818,0,0,0,0.40481,0.40481,1,1.174,1.174,0.25,0.1
0.80455,1.4819,0,0,0,0.40379,0.40379,1,1.176,1.176,0.25,0.1
0.80408,1.482,0,0,0,0.40278,0.40278,1,1.178,1.178,0.25,0.1
0.8036,1.4821,0,0,0,0.40176,0.40176,1,1.18,1.18,0.25,0.1
0.80312,1.4822,0,0,0,0.40075,0.40075,1,1.182,1.182,0.25,0.1
0.80265,1.4823,0,0,0,0.39974,0.39974,1,1.184,1.184,0.25,0.1
0.80217,1.4824,0,0,0,0.39872,0.39872,1,1.186,1.186,0.25,0.1
0.80169,1.4825,0,0,0,0.39771,0.39771,1,1.188,1.188,0.25,0.1
0.80122,1.4826,0,0,0,0.3967,0.3967,1,1.19,1.19,0.25,0.1
0.80074,1.4827,0,0,0,0.39569,0.39569,1,1.192,1.192,0.25,0.1
0.80027,1.4828,0,0,0,0.39467,0.39467,1,1.194,1.194,0.25,0.1
0.79979,1.4829,0,0,0,0.39366,0.39366,1,1.196,1.196,0.25,0.1
0.79932,1.4829,0,0,0,0.39265,0.39265,1,1.198,1.198,0.25,0.1
0.79884,1.483,0,0,0,0.39164,0.39164,1,1.2,1.2,0.25,0.1
0.79837,1.4831,0,0,0,0.39063,0.39063,1,1.202,1.202,0.25,0.1
0.79789,1.4832,0,0,0,0.38962,0.38962,1,1.204,1.204,0.25,0.1
0.79742,1.4833,0,0,0,0.38861,0.38861,1,1.206,1.206,0.25,0.1
0.79694,1.4834,0,0,0,0.3876,0.3876,1,1.208,1.208,0.25,0.1
0.79647,1.4835,0,0,0,0.38659,0.38659,1,1.21,1.21,0.25,0.1
0.79599,1.4836,0,0,0,0.38558,0.38558,1,1.212,1.212,0.25,0.1
0.79552,1.4837,0,0,0,0.38457,0.38457,1,1.214,1.214,0.25,0.1
0.79505,1.4838,0,0,0,0.38356,0.38356,1,1.216,1.216,0.25,0.1
0.79457,1.4839,0,0,0,0.38255,0.38255,1,1.218,1.218,0.25,0.1
0.7941,1.484,0,0,0,0.38155,0.38155,1,1.22,1.22,0.25,0.1
0.79363,1.4841,0,0,0,0.38054,0.38054,1,1.222,1.222,0.25,0.1
0.79316,1.4841,0,0,0,0.37953,0.37953,1,1.224,1.224,0.25,0.1
0.79268,1.4842,0,0,0,0.37852,0.37852,1,1.226,1.226,0.25,0.1
0.79221,1.4843,0,0,0,0.37752,0.37752,1,1.228,1.228,0.25,0.1
0.79174,1.4844,0,0,0,0.37651,0.37651,1,1.23,1.23,0.25,0.1
0.79127,1.4845,0,0,0,0.3755,0.3755,1,1.232,1.232,0.25,0.1
0.7908,1.4846,0,0,0,0.3745,0.3745,1,1.234,1.234,0.25,0.1
0.79033,1.4847,0,0,0,0.37349,0.37349,1,1.236,1.236,0.25,0.1
0.78986,1.4847,0,0,0,0.37249,0.37249,1,1.238,1.238,0.25,0.1
0.78938,1.4848,0,0,0,0.37148,0.37148,1,1.24,1.24,0.25,0.1
0.78891,1.4849,0,0,0,0.37048,0.37048,1,1.242,1.242,0.25,0.1
0.78844,1.485,0,0,0,0.36947,0.36947,1,1.244,1.244,0.25,0.1
0.78797,1.4851,0,0,0,0.36847,0.36847,1,1.246,1.246,0.25,0.1
0.7875,1.4852,0,0,0,0.36746,0.36746,1,1.248,1.248,0.25,0.1
0.78703,1.4852,0,0,0,0.36646,0.36646,1,1.25,1.25,0.25,0.1
0.78657,1.4853,0,0,0,0.36545,0.36545,1,1.252,1.252,0.25,0.1
0.7861,1.4854,0,0,0,0.36445,0.36445,1,1.254,1.254,0.25,0.1
0.78563,1.4855,0,0,0,0.36345,0.36345,1,1.256,1.256,0.25,0.1
0.78516,1.4856,0,0,0,0.36245,0.36245,1,1.258,1.258,0.25,0.1
0.78469,1.4857,0,0,0,0.36144,0.36144,1,1.26,1.26,0.25,0.1
0.78422,1.4857,0,0,0,0.36044,0.36044,1,1.262,1.262,0.25,0.1
0.78375,1.4858,0,0,0,0.35944,0.35944,1,1.264,1.264,0.25,0.1
0.78329,1.4859,0,0,0,0.35844,0.35844,1,1.266,1.266,0.25,0.1
0.78282,1.486,0,0,0,0.35743,0.35743,1,1.268,1.268,0.25,0.1
0.78235,1.486,0,0,0,0.35643,0.35643,1,1.27,1.27,0.25,0.1
0.78188,1.4861,0,0,0,0.35543,0.35543,1,1.272,1.272,0.25,0.1
0.78142,1.4862,0,0,0,0.35443,0.35443,1,1.274,1.274,0.25,0.1
0.78095,1.4863,0,0,0,0.35343,0.35343,1,1.276,1.276,0.25,0.1
0.78048,1.4863,0,0,0,0.35243,0.35243,1,1.278,1.278,0.25,0.1
0.78002,1.4864,0,0,0,0.35143,0.35143,1,1.28,1.28,0.25,0.1
0.77955,1.4865,0,0,0,0.35043,0.35043,1,1.282,1.282,0.25,0.1
0.77908,1.4866,0,0,0,0.34943,0.34943,1,1.284,1.284,0.25,0.1
0.77862,1.4866,0,0,0,0.34843,0.34843,1,1.286,1.286,0.25,0.1
0.77815,1.4867,0,0,0,0.34743,0.34743,1,1.288,1.288,0.25,0.1
0.77769,1.4868,0,0,0,0.34643,0.34643,1,1.29,1.29,0.25,0.1
0.77722,1.4869,0,0,0,0.34543,0.34543,1,1.292,1.292,0.25,0.1
0.77676,1.4869,0,0,0,0.34444,0.34444,1,1.294,1.294,0.25,0.1
0.77629,1.487,0,0,0,0.34344,0.34344,1,1.296,1.296,0.25,0.1
0.77583,1.4871,0,0,0,0.34244,0.34244,1,1.298,1.298,0.25,0.1
0.77537,1.4871,0,0,0,0.34144,0.34144,1,1.3,1.3,0.25,0.1
0.7749,1.4872,0,0,0,0.34044,0.34044,1,1.302,1.302,0.25,0.1
0.77444,1.4873,0,0,0,0.33945,0.33945,1,1.304,1.304,0.25,0.1
0.77398,1.4874,0,0,0,0.33845,0.33845,1,1.306,1.306,0.25,0.1
0.77351,1.4874,0,0,0,0.33745,0.33745,1,1.308,1.308,0.25,0.1
0.77305,1.4875,0,0,0,0.33646,0.33646,1,1.31,1.31,0.25,0.1
0.77259,1.4876,0,0,0,0.33546,0.33546,1,1.312,1.312,0.25,0.1
0.77212,1.4876,0,0,0,0.33446,0.33446,1,1.314,1.314,0.25,0.1
0.77166,1.4877,0,0,0,0.33347,0.33347,1,1.316,1.316,0.25,0.1
0.7712,1.4878,0,0,0,0.33247,0.33247,1,1.318,1.318,0.25,0.1
0.77074,1.4878,0,0,0,0.33147,0.33147,1,1.32,1.32,0.25,0.1
0.77028,1.4879,0,0,0,0.33048,0.33048,1,1.322,1.322,0.25,0.1
0.76982,1.488,0,0,0,0.32949,0.32949,1,1.324,1.324,0.25,0.1
0.76936,1.488,0,0,0,0.32849,0.32849,1,1.326,1.326,0.25,0.1
0.76889,1.4881,0,0,0,0.3275,0.3275,1,1.328,1.328,0.25,0.1
0.76843,1.4882,0,0,0,0.3265,0.3265,1,1.33,1.33,0.25,0.1
0.76797,1.4882,0,0,0,0.32551,0.32551,1,1.332,1.332,0.25,0.1
0.76751,1.4883,0,0,0,0.32451,0.32451,1,1.334,1.334,0.25,0.1
0.76705,1.4883,0,0,0,0.32352,0.32352,1,1.336,1.336,0.25,0.1
0.76659,1.4884,0,0,0,0.32252,0.32252,1,1.338,1.338,0.25,0.1
0.76613,1.4885,0,0,0,0.32153,0.32153,1,1.34,1.34,0.25,0.1
0.76568,1.4885,5.0204e-11,0,0,0.32054,0.32054,1,1.342,1.342,0.25,0.1
0.76522,1.4886,1.0041e-10,0,0,0.31954,0.31954,1,1.344,1.344,0.25,0.1
0.76476,1.4886,1.5061e-10,0,0,0.31855,0.31855,1,1.346,1.346,0.25,0.1
0.7643,1.4887,2.0082e-10,0,0,0.31756,0.31756,1,1.348,1.348,0.25,0.1
0.76384,1.4888,2.5102e-10,0,0,0.31657,0.31657,1,1.35,1.35,0.25,0.1
0.76338,1.4888,2.5102e-10,0,0,0.31557,0.31557,1,1.352,1.352,0.25,0.1
0.76293,1.4889,2.5102e-10,0,0,0.31458,0.31458,1,1.354,1.354,0.25,0.1
0.76247,1.4889,2.5102e-10,0,0,0.31359,0.31359,1,1.356,1.356,0.25,0.1
0.76201,1.489,2.5102e-10,0,0,0.3126,0.3126,1,1.358,1.358,0.25,0.1
0.76155,1.4891,2.5102e-10,0,0,0.31161,0.31161,1,1.36,1.36,0.25,0.1
0.7611,1.4891,2.0082e-10,0,0,0.31062,0.31062,1,1.362,1.362,0.25,0.1
0.76064,1.4892,1.5061e-10,0,0,0.30962,0.30962,1,1.364,1.364,0.25,0.1
0.76019,1.4892,1.0041e-10,0,0,0.30863,0.30863,1,1.366,1.366,0.25,0.1
0.75973,1.4893,5.0204e-11,0,0,0.30764,0.30764,1,1.368,1.368,0.25,0.1
0.75927,1.4894,0,0,0,0.30665,0.30665,1,1.37,1.37,0.25,0.1
0.75882,1.4894,0,0,0,0.30566,0.30566,1,1.372,1.372,0.25,0.1
0.75836,1.4895,0,0,0,0.30467,0.30467,1,1.374,1.374,0.25,0.1
0.75791,1.4895,0,0,0,0.30368,0.30368,1,1.376,1.376,0.25,0.1
0.75745,1.4896,0,0,0,0.30269,0.30269,1,1.378,1.378,0.25,0.1
0.757,1.4896,0,0,0,0.3017,0.3017,1,1.38,1.38,0.25,0.1
0.75655,1.4897,0,0,0,0.30071,0.30071,1,1.382,1.382,0.25,0.1
0.75609,1.4897,0,0,0,0.29972,0.29972,1,1.384,1.384,0.25,0.1
0.75564,1.4898,0,0,0,0.29873,0.29873,1,1.386,1.386,0.25,0.1
0.75518,1.4899,0,0,0,0.29774,0.29774,1,1.388,1.388,0.25,0.1
0.75473,1.4899,0,0,0,0.29676,0.29676,1,1.39,1.39,0.25,0.1
0.75428,1.49,0,0,0,0.29577,0.29577,1,1.392,1.392,0.25,0.1
0.75383,1.49,0,0,0,0.29478,0.29478,1,1.394,1.394,0.25,0.1
0.75337,1.4901,0,0,0,0.29379,0.29379,1,1.396,1.396,0.25,0.1
0.75292,1.4901,0,0,0,0.2928,0.2928,1,1.398,1.398,0.25,0.1
0.75247,1.4902,0,0,0,0.29181,0.29181,1,1.4,1.4,0.25,0.1
0.75202,1.4902,0,0,0,0.29083,0.29083,1,1.402,1.402,0.25,0.1
0.75156,1.4903,0,0,0,0.28984,0.28984,1,1.404,1.404,0.25,0.1
0.75111,1.4903,0,0,0,0.28885,0.28885,1,1.406,1.406,0.25,0.1
0.75066,1.4904,0,0,0,0.28786,0.28786,1,1.408,1.408,0.25,0.1
0.75021,1.4904,0,0,0,0.28688,0.28688,1,1.41,1.41,0.25,0.1
0.74976,1.4905,0,0,0,0.28589,0.28589,1,1.412,1.412,0.25,0.1
0.74931,1.4905,0,0,0,0.2849,0.2849,1,1.414,1.414,0.25,0.1
0.74886,1.4906,0,0,0,0.28392,0.28392,1,1.416,1.416,0.25,0.1
0.74841,1.4906,0,0,0,0.28293,0.28293,1,1.418,1.418,0.25,0.1
0.74796,1.4907,0,0,0,0.28194,0.28194,1,1.42,1.42,0.25,0.1
0.74751,1.4907,0,0,0,0.28096,0.28096,1,1.422,1.422,0.25,0.1
0.74706,1.4908,0,0,0,0.27997,0.27997,1,1.424,1.424,0.25,0.1
0.74661,1.4908,0,0,0,0.27899,0.27899,1,1.426,1.426,0.25,0.1
0.74616,1.4909,0,0,0,0.278,0.278,1,1.428,1.428,0.25,0.1
0.74572,1.4909,0,0,0,0.27702,0.27702,1,1.43,1.43,0.25,0.1
0.74527,1.491,0,0,0,0.27603,0.27603,1,1.432,1.432,0.25,0.1
0.74482,1.491,0,0,0,0.27505,0.27505,1,1.434,1.434,0.25,0.1
0.74437,1.4911,0,0,0,0.27406,0.27406,1,1.436,1.436,0.25,0.1
0.74393,1.4911,0,0,0,0.27308,0.27308,1,1.438,1.438,0.25,0.1
0.74348,1.4911,0,0,0,0.27209,0.27209,1,1.44,1.44,0.25,0.1
0.74303,1.4912,0,0,0,0.27111,0.27111,1,1.442,1.442,0.25,0.1
0.74258,1.4912,0,0,0,0.27012,0.27012,1,1.444,1.444,0.25,0.1
0.74214,1.4913,0,0,0,0.26914,0.26914,1,1.446,1.446,0.25,0.1
0.74169,1.4913,0,0,0,0.26815,0.26815,1,1.448,1.448,0.25,0.1
0.74125,1.4914,0,0,0,0.26717,0.26717,1,1.45,1.45,0.25,0.1
0.7408,1.4914,0,0,0,0.26619,0.26619,1,1.452,1.452,0.25,0.1
0.74036,1.4915,0,0,0,0.2652,0.2652,1,1.454,1.454,0.25,0.1
0.73991,1.4915,0,0,0,0.26422,0.26422,1,1.456,1.456,0.25,0.1
0.73947,1.4915,0,0,0,0.26323,0.26323,1,1.458,1.458,0.25,0.1
0.73902,1.4916,0,0,0,0.26225,0.26225,1,1.46,1.46,0.25,0.1
0.73858,1.4916,0,0,0,0.26127,0.26127,1,1.462,1.462,0.25,0.1
0.73813,1.4917,0,0,0,0.26029,0.26029,1,1.464,1.464,0.25,0.1
0.73769,1.4917,0,0,0,0.2593,0.2593,1,1.466,1.466,0.25,0.1
0.73724,1.4918,0,0,0,0.25832,0.25832,1,1.468,1.468,0.25,0.1
0.7368,1.4918,0,0,0,0.25734,0.25734,1,1.47,1.47,0.25,0.1
0.73636,1.4918,0,0,0,0.25635,0.25635,1,1.472,1.472,0.25,0.1
0.73592,1.4919,0,0,0,0.25537,0.25537,1,1.474,1.474,0.25,0.1
0.73547,1.4919,0,0,0,0.25439,0.25439,1,1.476,1.476,0.25,0.1
0.73503,1.492,0,0,0,0.25341,0.25341,1,1.478,1.478,0.25,0.1
0.73459,1.492,0,0,0,0.25243,0.25243,1,1.48,1.48,0.25,0.1
0.73415,1.4921,0,0,0,0.25144,0.25144,1,1.482,1.482,0.25,0.1
0.7337,1.4921,0,0,0,0.25046,0.25046,1,1.484,1.484,0.25,0.1
0.73326,1.4921,0,0,0,0.24948,0.24948,1,1.486,1.486,0.25,0.1
0.73282,1.4922,0,0,0,0.2485,0.2485,1,1.488,1.488,0.25,0.1
0.73238,1.4922,0,0,0,0.24752,0.24752,1,1.49,1.49,0.25,0.1
0.73194,1.4922,0,0,0,0.24654,0.24654,1,1.492,1.492,0.25,0.1
0.7315,1.4923,0,0,0,0.24556,0.24556,1,1.494,1.494,0.25,0.1
0.73106,1.4923,0,0,0,0.24458,0.24458,1,1.496,1.496,0.25,0.1
0.73062,1.4924,0,0,0,0.2436,0.2436,1,1.498,1.498,0.25,0.1
0.73018,1.4924,0,0,0,0.24261,0.24261,1,1.5,1.5,0.25,0.1
0.72974,1.4924,0,0,0,0.24163,0.24163,1,1.502,1.502,0.25,0.1
0.7293,1.4925,0,0,0,0.24065,0.24065,1,1.504,1.504,0.25,0.1
0.72886,1.4925,0,0,0,0.23967,0.23967,1,1.506,1.506,0.25,0.1
0.72842,1.4926,0,0,0,0.23869,0.23869,1,1.508,1.508,0.25,0.1
0.72798,1.4926,0,0,0,0.23771,0.23771,1,1.51,1.51,0.25,0.1
0.72755,1.4926,5.0931e-12,0,0,0.23673,0.23673,1,1.512,1.512,0.25,0.1
0.72711,1.4927,1.0187e-11,0,0,0.23575,0.23575,1,1.514,1.514,0.25,0.1
0.72667,1.4927,1.528e-11,0,0,0.23477,0.23477,1,1.516,1.516,0.25,0.1
0.72623,1.4927,2.0373e-11,0,0,0.2338,0.2338,1,1.518,1.518,0.25,0.1
0.7258,1.4928,2.5466e-11,0,0,0.23282,0.23282,1,1.52,1.52,0.25,0.1
0.72536,1.4928,3.0559e-11,0,0,0.23184,0.23184,1,1.522,1.522,0.25,0.1
0.72492,1.4928,3.5652e-11,0,0,0.23086,0.23086,1,1.524,1.524,0.25,0.1
0.72449,1.4929,4.0745e-11,0,0,0.22988,0.22988,1,1.526,1.526,0.25,0.1
0.72405,1.4929,4.5839e-11,0,0,0.2289,0.2289,1,1.528,1.528,0.25,0.1
0.72361,1.493,5.0932e-11,0,0,0.22792,0.22792,1,1.53,1.53,0.25,0.1
0.72318,1.493,5.0568e-11,0,0,0.22694,0.22694,1,1.532,1.532,0.25,0.1
0.72274,1.493,5.0204e-11,0,0,0.22596,0.22596,1,1.534,1.534,0.25,0.1
0.72231,1.4931,4.984e-11,0,0,0.22499,0.22499,1,1.536,1.536,0.25,0.1
0.72187,1.4931,4.9477e-11,0,0,0.22401,0.22401,1,1.538,1.538,0.25,0.1
0.72144,1.4931,4.9113e-11,0,0,0.22303,0.22303,1,1.54,1.54,0.25,0.1
0.721,1.4932,4.4019e-11,0,0,0.22205,0.22205,1,1.542,1.542,0.25,0.1
0.72057,1.4932,3.8926e-11,0,0,0.22107,0.22107,1,1.544,1.544,0.25,0.1
0.72014,1.4932,3.3833e-11,0,0,0.22009,0.22009,1,1.546,1.546,0.25,0.1
0.7197,1.4933,2.874e-11,0,0,0.21912,0.21912,1,1.548,1.548,0.25,0.1
0.71927,1.4933,2.3647e-11,0,0,0.21814,0.21814,1,1.55,1.55,0.25,0.1
0.71884,1.4933,1.8917e-11,0,0,0.21716,0.21716,1,1.552,1.552,0.25,0.1
0.7184,1.4934,1.4188e-11,0,0,0.21618,0.21618,1,1.554,1.554,0.25,0.1
0.71797,1.4934,9.4586e-12,0,0,0.21521,0.21521,1,1.556,1.556,0.25,0.1
0.71754,1.4934,4.7293e-12,0,0,0.21423,0.21423,1,1.558,1.558,0.25,0.1
0.71711,1.4935,0,0,0,0.21325,0.21325,1,1.56,1.56,0.25,0.1
0.71667,1.4935,5.0934e-12,0,0,0.21228,0.21228,1,1.562,1.562,0.25,0.1
0.71624,1.4935,1.0186e-11,0,0,0.2113,0.2113,1,1.564,1.564,0.25,0.1
0.71581,1.4936,1.5279e-11,0,0,0.21032,0.21032,1,1.566,1.566,0.25,0.1
0.71538,1.4936,2.0372e-11,0,0,0.20935,0.20935,1,1.568,1.568,0.25,0.1
0.71495,1.4936,2.5466e-11,0,0,0.20837,0.20837,1,1.57,1.57,0.25,0.1
0.71452,1.4936,2.5466e-11,0,0,0.20739,0.20739,1,1.572,1.572,0.25,0.1
0.71409,1.4937,2.5466e-11,0,0,0.20642,0.20642,1,1.574,1.574,0.25,0.1
0.71366,1.4937,2.5466e-11,0,0,0.20544,0.20544,1,1.576,1.576,0.25,0.1
0.71323,1.4937,2.5466e-11,0,0,0.20446,0.20446,1,1.578,1.578,0.25,0.1
0.7128,1.4938,2.5466e-11,0,0,0.20349,0.20349,1,1.58,1.58,0.25,0.1
0.71237,1.4938,2.0373e-11,0,0,0.20251,0.20251,1,1.582,1.582,0.25,0.1
0.71194,1.4938,1.528e-11,0,0,0.20154,0.20154,1,1.584,1.584,0.25,0.1
0.71151,1.4939,1.0187e-11,0,0,0.20056,0.20056,1,1.586,1.586,0.25,0.1
0.71108,1.4939,5.0931e-12,0,0,0.19958,0.19958,1,1.588,1.588,0.25,0.1
0.71065,1.4939,0,0,0,0.19861,0.19861,1,1.59,1.59,0.25,0.1
0.71022,1.4939,0,0,0,0.19763,0.19763,1,1.592,1.592,0.25,0.1
0.7098,1.494,0,0,0,0.19666,0.19666,1,1.594,1.594,0.25,0.1
0.70937,1.494,0,0,0,0.19568,0.19568,1,1.596,1.596,0.25,0.1
0.70894,1.494,0,0,0,0.19471,0.19471,1,1.598,1.598,0.25,0.1
0.70851,1.4941,0,0,0,0.19373,0.19373,1,1.6,1.6,0.25,0.1
0.70809,1.4941,5.0931e-12,0,0,0.19276,0.19276,1,1.602,1.602,0.25,0.1
0.70766,1.4941,1.0186e-11,0,0,0.19178,0.19178,1,1.604,1.604,0.25,0.1
0.70723,1.4941,1.5279e-11,0,0,0.19081,0.19081,1,1.606,1.606,0.25,0.1
0.70681,1.4942,2.0373e-11,0,0,0.18983,0.18983,1,1.608,1.608,0.25,0.1
0.70638,1.4942,2.5466e-11,0,0,0.18886,0.18886,1,1.61,1.61,0.25,0.1
0.70596,1.4942,2.5466e-11,0,0,0.18788,0.18788,1,1.612,1.612,0.25,0.1
0.70553,1.4943,2.5466e-11,0,0,0.18691,0.18691,1,1.614,1.614,0.25,0.1
0.70511,1.4943,2.5466e-11,0,0,0.18594,0.18594,1,1.616,1.616,0.25,0.1
0.70468,1.4943,2.5466e-11,0,0,0.18496,0.18496,1,1.618,1.618,0.25,0.1
0.70426,1.4943,2.5466e-11,0,0,0.18399,0.18399,1,1.62,1.62,0.25,0.1
0.70383,1.4944,2.5466e-11,0,0,0.18301,0.18301,1,1.622,1.622,0.25,0.1
0.70341,1.4944,2.5466e-11,0,0,0.18204,0.18204,1,1.624,1.624,0.25,0.1
0.70298,1.4944,2.5466e-11,0,0,0.18106,0.18106,1,1.626,1.626,0.25,0.1
0.70256,1.4944,2.5466e-11,0,0,0.18009,0.18009,1,1.628,1.628,0.25,0.1
0.70214,1.4945,2.5466e-11,0,0,0.17912,0.17912,1,1.63,1.63,0.25,0.1
0.70171,1.4945,2.5466e-11,0,0,0.17814,0.17814,1,1.632,1.632,0.25,0.1
0.70129,1.4945,2.5466e-11,0,0,0.17717,0.17717,1,1.634,1.634,0.25,0.1
0.70087,1.4945,2.5466e-11,0,0,0.1762,0.1762,1,1.636,1.636,0.25,0.1
0.70045,1.4946,2.5466e-11,0,0,0.17522,0.17522,1,1.638,1.638,0.25,0.1
0.70002,1.4946,2.5466e-11,0,0,0.17425,0.17425,1,1.64,1.64,0.25,0.1
0.6996,1.4946,2.5284e-11,0,0,0.17328,0.17328,1,1.642,1.642,0.25,0.1
0.69918,1.4946,2.5102e-11,0,0,0.1723,0.1723,1,1.644,1.644,0.25,0.1
0.69876,1.4947,2.492e-11,0,0,0.17133,0.17133,1,1.646,1.646,0.25,0.1
0.69834,1.4947,2.4738e-11,0,0,0.17036,0.17036,1,1.648,1.648,0.25,0.1
0.69792,1.4947,2.4556e-11,0,0,0.16938,0.16938,1,1.65,1.65,0.25,0.1
0.6975,1.4947,2.9649e-11,0,0,0.16841,0.16841,1,1.652,1.652,0.25,0.1
0.69708,1.4948,3.4743e-11,0,0,0.16744,0.16744,1,1.654,1.654,0.25,0.1
0.69666,1.4948,3.9836e-11,0,0,0.16647,0.16647,1,1.656,1.656,0.25,0.1
0.69624,1.4948,4.4929e-11,0,0,0.16549,0.16549,1,1.658,1.658,0.25,0.1
0.69581,1.4948,5.0022e-11,0,0,0.16452,0.16452,1,1.66,1.66,0.25,0.1
0.6954,1.4949,4.5111e-11,0,0,0.16355,0.16355,1,1.662,1.662,0.25,0.1
0.69498,1.4949,4.0199e-11,0,0,0.16258,0.16258,1,1.664,1.664,0.25,0.1
0.69456,1.4949,3.5288e-11,0,0,0.1616,0.1616,1,1.666,1.666,0.25,0.1
0.69414,1.4949,3.0377e-11,0,0,0.16063,0.16063,1,1.668,1.668,0.25,0.1
0.69372,1.495,2.5466e-11,0,0,0.15966,0.15966,1,1.67,1.67,0.25,0.1
0.6933,1.495,2.5466e-11,0,0,0.15869,0.15869,1,1.672,1.672,0.25,0.1
0.69289,1.495,2.5466e-11,0,0,0.15772,0.15772,1,1.674,1.674,0.25,0.1
0.69247,1.495,2.5466e-11,0,0,0.15674,0.15674,1,1.676,1.676,0.25,0.1
0.69205,1.495,2.5466e-11,0,0,0.15577,0.15577,1,1.678,1.678,0.25,0.1
0.69163,1.4951,2.5466e-11,0,0,0.1548,0.1548,1,1.68,1.68,0.25,0.1
0.69122,1.4951,2.5466e-11,0,0,0.15383,0.15383,1,1.682,1.682,0.25,0.1
0.6908,1.4951,2.5466e-11,0,0,0.15286,0.15286,1,1.684,1.684,0.25,0.1
0.69038,1.4951,2.5466e-11,0,0,0.15189,0.15189,1,1.686,1.686,0.25,0.1
0.68997,1.4952,2.5466e-11,0,0,0.15091,0.15091,1,1.688,1.688,0.25,0.1
0.68955,1.4952,2.5466e-11,0,0,0.14994,0.14994,1,1.69,1.69,0.25,0.1
0.68913,1.4952,2.0373e-11,0,0,0.14897,0.14897,1,1.692,1.692,0.25,0.1
0.68872,1.4952,1.528e-11,0,0,0.148,0.148,1,1.694,1.694,0.25,0.1
0.6883,1.4952,1.0187e-11,0,0,0.14703,0.14703,1,1.696,1.696,0.25,0.1
0.68789,1.4953,5.0934e-12,0,0,0.14606,0.14606,1,1.698,1.698,0.25,0.1
0.68747,1.4953,0,0,0,0.14509,0.14509,1,1.7,1.7,0.25,0.1
0.68706,1.4953,5.0931e-12,0,0,0.14412,0.14412,1,1.702,1.702,0.25,0.1
0.68665,1.4953,1.0186e-11,0,0,0.14314,0.14314,1,1.704,1.704,0.25,0.1
0.68623,1.4953,1.5279e-11,0,0,0.14217,0.14217,1,1.706,1.706,0.25,0.1
0.68582,1.4954,2.0372e-11,0,0,0.1412,0.1412,1,1.708,1.708,0.25,0.1
0.6854,1.4954,2.5466e-11,0,0,0.14023,0.14023,1,1.71,1.71,0.25,0.1
0.68499,1.4954,2.5466e-11,0,0,0.13926,0.13926,1,1.712,1.712,0.25,0.1
0.68458,1.4954,2.5466e-11,0,0,0.13829,0.13829,1,1.714,1.714,0.25,0.1
0.68417,1.4955,2.5466e-11,0,0,0.13732,0.13732,1,1.716,1.716,0.25,0.1
0.68375,1.4955,2.5466e-11,0,0,0.13635,0.13635,1,1.718,1.718,0.25,0.1
0.68334,1.4955,2.5466e-11,0,0,0.13538,0.13538,1,1.72,1.72,0.25,0.1
0.68293,1.4955,2.0373e-11,0,0,0.13441,0.13441,1,1.722,1.722,0.25,0.1
0.68252,1.4955,1.528e-11,0,0,0.13344,0.13344,1,1.724,1.724,0.25,0.1
0.68211,1.4956,1.0187e-11,0,0,0.13247,0.13247,1,1.726,1.726,0.25,0.1
0.68169,1.4956,5.0931e-12,0,0,0.1315,0.1315,1,1.728,1.728,0.25,0.1
0.68128,1.4956,0,0,0,0.13053,0.13053,1,1.73,1.73,0.25,0.1
0.68087,1.4956,4.9112e-12,0,0,0.12956,0.12956,1,1.732,1.732,0.25,0.1
0.68046,1.4956,9.8224e-12,0,0,0.12859,0.12859,1,1.734,1.734,0.25,0.1
0.68005,1.4956,1.4734e-11,0,0,0.12762,0.12762,1,1.736,1.736,0.25,0.1
0.67964,1.4957,1.9645e-11,0,0,0.12665,0.12665,1,1.738,1.738,0.25,0.1
0.67923,1.4957,2.4556e-11,0,0,0.12568,0.12568,1,1.74,1.74,0.25,0.1
0.67882,1.4957,2.9649e-11,0,0,0.12471,0.12471,1,1.742,1.742,0.25,0.1
0.67841,1.4957,3.4743e-11,0,0,0.12374,0.12374,1,1.744,1.744,0.25,0.1
0.678,1.4957,3.9836e-11,0,0,0.12277,0.12277,1,1.746,1.746,0.25,0.1
0.67759,1.4958,4.4929e-11,0,0,0.1218,0.1218,1,1.748,1.748,0.25,0.1
0.67718,1.4958,5.0022e-11,0,0,0.12083,0.12083,1,1.75,1.75,0.25,0.1
0.67678,1.4958,5.0204e-11,0,0,0.11986,0.11986,1,1.752,1.752,0.25,0.1
0.67637,1.4958,5.0386e-11,0,0,0.1189,0.1189,1,1.754,1.754,0.25,0.1
0.67596,1.4958,5.0568e-11,0,0,0.11793,0.11793,1,1.756,1.756,0.25,0.1
0.67555,1.4958,5.075e-11,0,0,0.11696,0.11696,1,1.758,1.758,0.25,0.1
0.67515,1.4959,5.0932e-11,0,0,0.11599,0.11599,1,1.76,1.76,0.25,0.1
0.67474,1.4959,4.5839e-11,0,0,0.11502,0.11502,1,1.762,1.762,0.25,0.1
0.67433,1.4959,4.0745e-11,0,0,0.11405,0.11405,1,1.764,1.764,0.25,0.1
0.67393,1.4959,3.5652e-11,0,0,0.11308,0.11308,1,1.766,1.766,0.25,0.1
0.67352,1.4959,3.0559e-11,0,0,0.11211,0.11211,1,1.768,1.768,0.25,0.1
0.67311,1.4959,2.5466e-11,0,0,0.11114,0.11114,1,1.77,1.77,0.25,0.1
0.67271,1.496,2.5466e-11,0,0,0.11017,0.11017,1,1.772,1.772,0.25,0.1
0.6723,1.496,2.5466e-11,0,0,0.10921,0.10921,1,1.774,1.774,0.25,0.1
0.6719,1.496,2.5466e-11,0,0,0.10824,0.10824,1,1.776,1.776,0.25,0.1
0.67149,1.496,2.5466e-11,0,0,0.10727,0.10727,1,1.778,1.778,0.25,0.1
0.67109,1.496,2.5466e-11,0,0,0.1063,0.1063,1,1.78,1.78,0.25,0.1
0.67068,1.4961,3.0377e-11,0,0,0.10533,0.10533,1,1.782,1.782,0.25,0.1
0.67028,1.4961,3.5289e-11,0,0,0.10436,0.10436,1,1.784,1.784,0.25,0.1
0.66987,1.4961,4.02e-11,0,0,0.10339,0.10339,1,1.786,1.786,0.25,0.1
0.66947,1.4961,4.5111e-11,0,0,0.10243,0.10243,1,1.788,1.788,0.25,0.1
0.66906,1.4961,5.0022e-11,0,0,0.10146,0.10146,1,1.79,1.79,0.25,0.1
0.66866,1.4961,4.4929e-11,0,0,0.10049,0.10049,1,1.792,1.792,0.25,0.1
0.66826,1.4962,3.9836e-11,0,0,0.099521,0.099521,1,1.794,1.794,0.25,0.1
0.66786,1.4962,3.4743e-11,0,0,0.098553,0.098553,1,1.796,1.796,0.25,0.1
0.66745,1.4962,2.9649e-11,0,0,0.097585,0.097585,1,1.798,1.798,0.25,0.1
0.66705,1.4962,2.4556e-11,0,0,0.096617,0.096617,1,1.8,1.8,0.25,0.1
0.66665,1.4962,1.9645e-11,0,0,0.095649,0.095649,1,1.802,1.802,0.25,0.1
0.66625,1.4962,1.4734e-11,0,0,0.094681,0.094681,1,1.804,1.804,0.25,0.1
0.66584,1.4962,9.8224e-12,0,0,0.093714,0.093714,1,1.806,1.806,0.25,0.1
0.66544,1.4963,4.9112e-12,0,0,0.092746,0.092746,1,1.808,1.808,0.25,0.1
0.66504,1.4963,0,0,0,0.091778,0.091778,1,1.81,1.81,0.25,0.1
0.66464,1.4963,4.9114e-12,0,0,0.09081,0.09081,1,1.812,1.812,0.25,0.1
0.66424,1.4963,9.8226e-12,0,0,0.089843,0.089843,1,1.814,1.814,0.25,0.1
0.66384,1.4963,1.4734e-11,0,0,0.088875,0.088875,1,1.816,1.816,0.25,0.1
0.66344,1.4963,1.9645e-11,0,0,0.087908,0.087908,1,1.818,1.818,0.25,0.1
0.66304,1.4963,2.4556e-11,0,0,0.08694,0.08694,1,1.82,1.82,0.25,0.1
0.66264,1.4964,2.9649e-11,0,0,0.085973,0.085973,1,1.822,1.822,0.25,0.1
0.66224,1.4964,3.4743e-11,0,0,0.085005,0.085005,1,1.824,1.824,0.25,0.1
0.66184,1.4964,3.9836e-11,0,0,0.084038,0.084038,1,1.826,1.826,0.25,0.1
0.66144,1.4964,4.4929e-11,0,0,0.083071,0.083071,1,1.828,1.828,0.25,0.1
0.66104,1.4964,5.0022e-11,0,0,0.082103,0.082103,1,1.83,1.83,0.25,0.1
0.66064,1.4964,5.0022e-11,0,0,0.081136,0.081136,1,1.832,1.832,0.25,0.1
0.66025,1.4964,5.0022e-11,0,0,0.080169,0.080169,1,1.834,1.834,0.25,0.1
0.65985,1.4965,5.0022e-11,0,0,0.079202,0.079202,1,1.836,1.836,0.25,0.1
0.65945,1.4965,5.0022e-11,0,0,0.078235,0.078235,1,1.838,1.838,0.25,0.1
0.65905,1.4965,5.0022e-11,0,0,0.077268,0.077268,1,1.84,1.84,0.25,0.1
0.65865,1.4965,5.0022e-11,0,0,0.076301,0.076301,1,1.842,1.842,0.25,0.1
0.65826,1.4965,5.0022e-11,0,0,0.075334,0.075334,1,1.844,1.844,0.25,0.1
0.65786,1.4965,5.0022e-11,0,0,0.074367,0.074367,1,1.846,1.846,0.25,0.1
0.65746,1.4965,5.0022e-11,0,0,0.0734,0.0734,1,1.848,1.848,0.25,0.1
0.65707,1.4966,5.0022e-11,0,0,0.072433,0.072433,1,1.85,1.85,0.25,0.1
0.65667,1.4966,4.5111e-11,0,0,0.071467,0.071467,1,1.852,1.852,0.25,0.1
0.65627,1.4966,4.02e-11,0,0,0.0705,0.0705,1,1.854,1.854,0.25,0.1
0.65588,1.4966,3.5289e-11,0,0,0.069533,0.069533,1,1.856,1.856,0.25,0.1
0.65548,1.4966,3.0377e-11,0,0,0.068567,0.068567,1,1.858,1.858,0.25,0.1
0.65509,1.4966,2.5466e-11,0,0,0.0676,0.0676,1,1.86,1.86,0.25,0.1
0.65469,1.4966,2.0373e-11,0,0,0.066634,0.066634,1,1.862,1.862,0.25,0.1
0.6543,1.4967,1.528e-11,0,0,0.065667,0.065667,1,1.864,1.864,0.25,0.1
0.6539,1.4967,1.0186e-11,0,0,0.064701,0.064701,1,1.866,1.866,0.25,0.1
0.65351,1.4967,5.0931e-12,0,0,0.063734,0.063734,1,1.868,1.868,0.25,0.1
0.65312,1.4967,0,0,0,0.062768,0.062768,1,1.87,1.87,0.25,0.1
0.65272,1.4967,5.0022e-12,0,0,0.061802,0.061802,1,1.872,1.872,0.25,0.1
0.65233,1.4967,1.0004e-11,0,0,0.060836,0.060836,1,1.874,1.874,0.25,0.1
0.65193,1.4967,1.5007e-11,0,0,0.059869,0.059869,1,1.876,1.876,0.25,0.1
0.65154,1.4967,2.0009e-11,0,0,0.058903,0.058903,1,1.878,1.878,0.25,0.1
0.65115,1.4967,2.5011e-11,0,0,0.057937,0.057937,1,1.88,1.88,0.25,0.1
0.65076,1.4968,3.0013e-11,0,0,0.056971,0.056971,1,1.882,1.882,0.25,0.1
0.65036,1.4968,3.5015e-11,0,0,0.056005,0.056005,1,1.884,1.884,0.25,0.1
0.64997,1.4968,4.0018e-11,0,0,0.055039,0.055039,1,1.886,1.886,0.25,0.1
0.64958,1.4968,4.502e-11,0,0,0.054073,0.054073,1,1.888,1.888,0.25,0.1
0.64919,1.4968,5.0022e-11,0,0,0.053107,0.053107,1,1.89,1.89,0.25,0.1
0.6488,1.4968,5.0022e-11,0,0,0.052141,0.052141,1,1.892,1.892,0.25,0.1
0.64841,1.4968,5.0022e-11,0,0,0.051175,0.051175,1,1.894,1.894,0.25,0.1
0.64801,1.4968,5.0022e-11,0,0,0.050209,0.050209,1,1.896,1.896,0.25,0.1
0.64762,1.4969,5.0022e-11,0,0,0.049244,0.049244,1,1.898,1.898,0.25,0.1
0.64723,1.4969,5.0022e-11,0,0,0.048278,0.048278,1,1.9,1.9,0.25,0.1
0.64684,1.4969,4.502e-11,0,0,0.047312,0.047312,1,1.902,1.902,0.25,0.1
0.64645,1.4969,4.0018e-11,0,0,0.046346,0.046346,1,1.904,1.904,0.25,0.1
0.64606,1.4969,3.5015e-11,0,0,0.045381,0.045381,1,1.906,1.906,0.25,0.1
0.64567,1.4969,3.0013e-11,0,0,0.044415,0.044415,1,1.908,1.908,0.25,0.1
0.64528,1.4969,2.5011e-11,0,0,0.04345,0.04345,1,1.91,1.91,0.25,0.1
0.64489,1.4969,2.0009e-11,0,0,0.042484,0.042484,1,1.912,1.912,0.25,0.1
0.64451,1.497,1.5006e-11,0,0,0.041519,0.041519,1,1.914,1.914,0.25,0.1
0.64412,1.497,1.0004e-11,0,0,0.040553,0.040553,1,1.916,1.916,0.25,0.1
0.64373,1.497,5.0022e-12,0,0,0.039588,0.039588,1,1.918,1.918,0.25,0.1
0.64334,1.497,0,0,0,0.038623,0.038623,1,1.92,1.92,0.25,0.1
0.64295,1.497,5.0025e-12,0,0,0.037657,0.037657,1,1.922,1.922,0.25,0.1
0.64257,1.497,1.0005e-11,0,0,0.036692,0.036692,1,1.924,1.924,0.25,0.1
0.64218,1.497,1.5007e-11,0,0,0.035727,0.035727,1,1.926,1.926,0.25,0.1
0.64179,1.497,2.0009e-11,0,0,0.034762,0.034762,1,1.928,1.928,0.25,0.1
0.6414,1.497,2.5011e-11,0,0,0.033796,0.033796,1,1.93,1.93,0.25,0.1
0.64102,1.497,3.0014e-11,0,0,0.032831,0.032831,1,1.932,1.932,0.25,0.1
0.64063,1.4971,3.5016e-11,0,0,0.031866,0.031866,1,1.934,1.934,0.25,0.1
0.64024,1.4971,4.0018e-11,0,0,0.030901,0.030901,1,1.936,1.936,0.25,0.1
0.63986,1.4971,4.502e-11,0,0,0.029936,0.029936,1,1.938,1.938,0.25,0.1
0.63947,1.4971,5.0022e-11,0,0,0.028971,0.028971,1,1.94,1.94,0.25,0.1
0.63909,1.4971,5.0022e-11,0,0,0.028006,0.028006,1,1.942,1.942,0.25,0.1
0.6387,1.4971,5.0022e-11,0,0,0.027042,0.027042,1,1.944,1.944,0.25,0.1
0.63832,1.4971,5.0022e-11,0,0,0.026077,0.026077,1,1.946,1.946,0.25,0.1
0.63793,1.4971,5.0022e-11,0,0,0.025112,0.025112,1,1.948,1.948,0.25,0.1
0.63755,1.4971,5.0022e-11,0,0,0.024147,0.024147,1,1.95,1.95,0.25,0.1
0.63716,1.4971,5.0022e-11,0,0,0.023182,0.023182,1,1.952,1.952,0.25,0.1
0.63678,1.4972,5.0022e-11,0,0,0.022218,0.022218,1,1.954,1.954,0.25,0.1
0.63639,1.4972,5.0022e-11,0,0,0.021253,0.021253,1,1.956,1.956,0.25,0.1
0.63601,1.4972,5.0022e-11,0,0,0.020288,0.020288,1,1.958,1.958,0.25,0.1
0.63563,1.4972,5.0022e-11,0,0,0.019324,0.019324,1,1.96,1.96,0.25,0.1
0.63524,1.4972,5.0022e-11,0,0,0.018359,0.018359,1,1.962,1.962,0.25,0.1
0.63486,1.4972,5.0022e-11,0,0,0.017395,0.017395,1,1.964,1.964,0.25,0.1
0.63448,1.4972,5.0022e-11,0,0,0.01643,0.01643,1,1.966,1.966,0.25,0.1
0.6341,1.4972,5.0022e-11,0,0,0.015466,0.015466,1,1.968,1.968,0.25,0.1
0.63372,1.4972,5.0022e-11,0,0,0.014501,0.014501,1,1.97,1.97,0.25,0.1
0.63334,1.4972,5.0022e-11,0,0,0.013537,0.013537,1,1.972,1.972,0.25,0.1
0.63296,1.4973,5.0022e-11,0,0,0.012573,0.012573,1,1.974,1.974,0.25,0.1
0.63259,1.4973,5.0022e-11,0,0,0.011609,0.011609,1,1.976,1.976,0.25,0.1
0.63221,1.4973,5.0022e-11,0,0,0.010645,0.010645,1,1.978,1.978,0.25,0.1
0.63183,1.4973,5.0022e-11,0,0,0.0096812,0.0096812,1,1.98,1.98,0.25,0.1
0.63148,1.4973,5.0022e-11,0,0,0.0087178,0.0087178,1,1.982,1.982,0.25,0.1
0.63113,1.4973,5.0022e-11,0,0,0.0077543,0.0077543,1,1.984,1.984,0.25,0.1
0.63078,1.4973,5.0022e-11,0,0,0.0067908,0.0067908,1,1.986,1.986,0.25,0.1
0.63043,1.4973,5.0022e-11,0,0,0.0058272,0.0058272,1,1.988,1.988,0.25,0.1
0.63008,1.4973,5.0022e-11,0,0,0.0048638,0.0048638,1,1.99,1.99,0.25,0.1
0.62992,1.4973,5.0022e-11,0,0,0.003891,0.003891,1,1.992,1.992,0.25,0.1
0.62976,1.4973,5.0022e-11,0,0,0.0029183,0.0029183,1,1.994,1.994,0.25,0.1
0.6296,1.4973,5.0022e-11,0,0,0.0019455,0.0019455,1,1.996,1.996,0.25,0.1
0.62943,1.4974,5.0022e-11,0,0,0.00097274,0.00097274,1,1.998,1.998,0.25,0.1
0.62927,1.4974,5.0022e-11,0,0,0,0,1,2,2,0.25,0.1
